num,ambiente,24:36:da:2b:5e:c0,24:36:da:2b:5e:c2,24:36:da:2b:bc:00,24:36:da:2b:bc:02,24:36:da:9f:fb:80,24:36:da:9f:fb:82,24:36:da:a2:7f:40,24:36:da:a2:7f:42,2c:57:41:cd:e1:c0,2c:57:41:cd:e1:c2,2c:57:41:d4:69:c0,2c:57:41:d4:69:c2,2c:57:41:d4:a5:20,2c:57:41:d4:a5:22,84:f1:47:54:6b:80,84:f1:47:54:6b:82,84:f1:47:54:71:00,84:f1:47:54:71:02,84:f1:47:54:7f:20,84:f1:47:54:7f:22,84:f1:47:54:7f:60,84:f1:47:54:7f:62,84:f1:47:54:80:60,84:f1:47:54:80:62,84:f1:47:54:81:00,84:f1:47:54:81:02,84:f1:47:54:8b:a0,84:f1:47:54:8b:a2,84:f1:47:54:95:e0,84:f1:47:54:95:e2,84:f1:47:54:96:e0,84:f1:47:54:96:e2,84:f1:47:54:97:00,84:f1:47:54:97:02,84:f1:47:54:eb:20,84:f1:47:54:eb:22,84:f1:47:54:f9:80,84:f1:47:54:f9:82,84:f1:47:54:fd:60,84:f1:47:54:fd:62,84:f1:47:54:fd:c0,84:f1:47:54:fd:c2,b8:11:4b:1d:12:00,b8:11:4b:1d:12:02,b8:11:4b:1d:14:80,b8:11:4b:1d:14:82,b8:11:4b:1d:1e:40,b8:11:4b:1d:1e:42,e4:4e:2d:85:4c:60,e4:4e:2d:85:4c:62
1,Lab. Informática 09,,,,,,,,,,,-88,-88,,,,,,,-66,-66,,,,,,,,,,,-85,-86,,,,,,,,,-86,-85,,,,,-83,-82,-85,-87
2,Lab. Informática 09,,,,,,,,,,,-85,-85,,,,,,,-61,-60,,,,,,,,,,,-85,-85,,,,,,-89,,,-83,-83,,,,,,,,
3,Lab. Informática 09,,,,,,,,,,,,,,,,,,,-61,-60,,,,,,,,,,,-87,-88,,,,,,,,,-86,-86,,,,,-86,-86,-88,-90
4,Lab. Informática 09,,,,,,,,,,,,,,,,,,,-63,-62,,,,,,,,,,,-85,-84,,,,,,,,,-84,-84,,,,,-83,-83,-87,-89
5,Lab. Informática 09,,,,,,,,,,,-84,-85,,,,,,,-62,-61,,,,,,,,,,,-86,-87,,,,,,,,,-87,-88,,,,,-90,,,
6,Lab. Informática 09,,,,,,,,,,,-84,-85,,,,,,,-63,-63,,,,,,,,,,,-86,-85,,,,,,,,,-82,-83,,,,,-86,-86,-86,-85
7,Lab. Informática 09,,,,,,,,,,,-84,-85,,,,,,,-61,-61,,,,,,,,,,,,-89,,,,,,,,,-84,-84,,,,,-88,-86,-85,-85
8,Lab. Informática 09,,,,,,,,,,,-85,-83,,,,,,,-65,-65,,,,,,,,,,,,-87,,,,,,,,,-87,-85,,,,,-85,-85,-83,-82
9,Lab. Informática 09,,,,,,,,,,,-82,-82,,,,,,,-64,-64,,,,,,,,,,,,-88,,,,,,,,,-83,-85,,,,,-86,-86,-81,-82
10,Lab. Informática 09,,,,,,,,,,,-85,-85,,,,,,,-66,-66,,,,,,,,,,,-88,-87,,,,,,,,,,-87,,,,,,,-84,-83
11,Sala dos técnicos,,,,,,,,,,,,,,,,,,,-78,-78,,,,,,,,,,,-84,-84,,,,,-89,-91,,,-78,-78,,,,,,,-88,-88
12,Sala dos técnicos,,,,,,,,,,,,,,,,,-87,,-80,-78,,,,,,,,,-88,-87,-84,-85,,,,,-88,-88,,,-77,-77,,,,,,,,
13,Sala dos técnicos,,,,,,,,,,,,-88,,,,,,,-73,-72,,,,,,,,,,,-86,-87,,,,,-91,-91,,,-77,-77,,,,,,,-88,-88
14,Sala dos técnicos,,,,,,,,,,,-87,,,,,,,,-81,-81,,,,,,,,,,,-89,-87,,,,,,,,,-81,-80,,,,,-87,-86,,
15,Sala dos técnicos,,,,,,,,,,,-86,-85,,,,,,,-73,-73,,,,,,,,,,,-80,-80,,,,,,,,,-79,-78,,,,,,,-87,-88
16,Sala dos técnicos,,,,,,,,,,,-86,-86,,,,,,,-75,-74,,,,,,,,,,,-78,-78,,,,,,,,,-87,-86,,,,,,,,-92
17,Sala dos técnicos,,,,,,,,,,,-85,-84,,,,,,,-78,-78,,,,,,,,,,,-88,-86,,,,,,,,,-82,-82,,,,,,,-87,-88
18,Sala dos técnicos,,,,,,,,,,,-89,-88,,,,,,,-75,-74,,,,,,,,,-89,-87,-82,-84,,,,,-89,-89,,,-82,-82,,,,,,,,
19,Sala dos técnicos,,,,,,,,,,,,,,,,,,,-76,-77,,,,,,,,,-88,-87,-88,-88,,,,,,,,,-83,-83,,,,,,,-90,-89
20,Sala dos técnicos,,,,,,,,,,,-86,-88,,,,,,,-78,-78,,,,,,,,,,,-80,-80,,,,,,,,,-77,-77,,,,,-89,-86,,
21,Lab. de telecomunicações,,,,,,,,,,,,,,,,,-84,-83,-80,-79,,,,,,,,,-91,-90,-82,-84,,,,,,,,,-76,-76,,,,,-89,-89,-90,-89
22,Lab. de telecomunicações,,,,,,,,,,,,,,,,,-84,-84,-77,-77,,,,,,,,,,,-83,-85,,,,,,,,,-75,-76,,,,,-89,-89,,
23,Lab. de telecomunicações,,,,,,,,,,,-89,,,,,,-90,-87,-79,-79,,,,,,,,,,,-86,-87,,,,,,,,,-78,-79,,,,,,,-89,-90
24,Lab. de telecomunicações,,,,,,,,,,,-84,-83,,,,,-81,-81,-76,-78,,,,,,,,,,,-85,-85,,,,,,,,,-73,-73,,,,,,,-89,-88
25,Lab. de telecomunicações,,,,,,,,,,,-88,-89,,,,,-87,-87,-75,-75,,,,,,,,,,,-87,-85,,,,,,,,,-77,-78,,,,,-90,-88,,-90
26,Lab. de telecomunicações,,,,,,,,,,,-86,-86,,,,,-83,-83,-81,-80,,,,,,,,,-91,-90,-86,-88,,,,,,,,,-79,-77,,,,,,,-88,
27,Lab. de telecomunicações,,,,,,,,,,,,,,,,,,,-78,-78,,,,,,,,,,,-86,-88,,,,,,,,,-74,-74,,,,,,,,
28,Lab. de telecomunicações,,,,,,,,,,,,,,,,,-88,-86,-75,-75,,,,,,,,,,,,,,,,,,,,,-74,-75,,,,,,,,
29,Lab. de telecomunicações,,,,,,,,,,,-87,-89,,,,,-87,-86,-84,-84,,,,,,,,,,,,-89,,,,,,,,,-73,-74,,,,,,,-90,-89
30,Lab. de telecomunicações,,,,,,,,,,,-87,-86,,,,,-85,-85,-76,-76,,,,,,,,,-87,-88,-85,-86,,,,,,,,,-75,-74,,,,,,,,
31,PET Eng. Elétrica,,,,,,,,,,,,,,,,,,-91,-89,-89,,,,,,,,,-84,-84,,,,,,,-86,-86,,,-82,-81,,,,,,,,
32,PET Eng. Elétrica,,,,,,,,,,,,,,,,,-88,-88,-89,-88,,,,,,,,,-84,-84,,-88,,,,,-85,-85,,,-80,-80,,,,,,,,
33,PET Eng. Elétrica,,,,,,,,,,,,,,,,,-87,-87,-88,-89,,,,,,,,,-80,-80,,,,,,,-90,-91,,,-78,-78,,,,,,,,
34,PET Eng. Elétrica,,,,,,,,,,,,,,,,,-88,,-87,-88,,,,,,,,,-83,-82,-88,-89,,,-89,-88,-89,-89,,,-78,-79,,,,,,,,
35,PET Eng. Elétrica,,,,,,,,,,,,,,,,,,,-85,-85,,,,,,,,,-81,-81,,,,,,,-86,-87,,,-75,-75,,,,,,,,
36,PET Eng. Elétrica,,,,,,,,,,,,,,,,,,,-89,-89,,,,,,,,,-82,-83,,,,,,,-91,-90,,,-76,-77,,,,,,,,
37,PET Eng. Elétrica,,,,,,,,,,,,,,,,,,,,,,,,,,,,,-86,-87,,,,,-92,,-86,-86,,,-78,-79,,,,,,,,
38,PET Eng. Elétrica,,,,,,,,,,,,,,,,,-88,-89,,,,,,,,,,,-85,-83,,,,,,,-86,-85,,,-78,-80,,,,,,,,
39,PET Eng. Elétrica,,,,,,,,,,,,,,,,,-88,-87,-85,-84,,,,,,,,,-79,-80,,,,,,,,-91,,,-75,-76,,,,,,,,
40,PET Eng. Elétrica,,,,,,,,,,,,,,,,,,-91,,,,,,,,,,,-84,-83,,,,,,,-89,-87,,,-79,-79,,,,,,,,
41,Coordenação de Eng. Elétrica,,,,,,,,,,,,,,,,,,,,,,,,,,,,,-70,-70,,,,,,,-89,-90,,,,,,,-83,-83,,,,
42,Coordenação de Eng. Elétrica,,,,,,,,,,,,,,,,,,,,,,,,,,,,,-70,-71,,,,,,,-90,-90,,,,-91,,,-80,-80,,,,
43,Coordenação de Eng. Elétrica,,,,,,,,,,,,,,,,,,,,,,,,,,,,,-59,-59,,,,,,,-90,-90,,,-87,-89,,,-82,-81,,,,
44,Coordenação de Eng. Elétrica,,,,,,,,,,,,,,,,,,,,,,,,,,,,,-72,-72,,,,,,,-88,-89,,,,-88,,,-84,-84,,,,
45,Coordenação de Eng. Elétrica,,,,,,,,,,,,,,,,,,,,,,,,,,,,,-63,-63,,,,,,,-89,-86,,,-86,-84,,,-80,-80,,,,
46,Coordenação de Eng. Elétrica,,,,,,,,,,,,,,,,,,,,,,,,,,,,,-56,-55,,,,,,,-89,-91,,,-83,-84,,,-79,-79,,,,
47,Coordenação de Eng. Elétrica,,,,,,,,,,,,,,,,,,,,,,,,,,,,,-61,-61,,,,,-91,-89,-88,-87,,,,,,,-86,-87,,,,
48,Coordenação de Eng. Elétrica,,,,,,,,,,,,,,,,,,,,,,,,,,,,,-67,-67,,,,,,,-88,-89,,,,,,,-83,-81,,,,
49,Coordenação de Eng. Elétrica,,,,,,,,,,,,,,,,,,,,,,,,,,,,,-66,-66,,,,,,,,,,,-88,-88,,,,,,,,
50,Coordenação de Eng. Elétrica,,,,,,,,,,,-89,-90,,,,,,,,,,,,,,,,,-65,-64,,,,,,,-90,-90,,,-87,-89,,,,,,,,
51,Auditório de Eng. Elétrica,,,,,,,,,,,,,,,-78,-79,,,,,,,,,,,-84,-83,,,-84,-84,,,,,-77,-77,,,,,,,,,,,,
52,Auditório de Eng. Elétrica,,,,,,,,,,,,,,,-79,-79,,,,,,,,,,,-77,-76,,,-84,-84,,,,,-80,-80,,,,,,,,,,,-90,-91
53,Auditório de Eng. Elétrica,-87,-88,,,,,,,,,,,,,-76,-77,,,,,,,,,,,-87,-87,,,-88,-88,,,-90,-91,-76,-75,,,,,,,,,,,,
54,Auditório de Eng. Elétrica,-87,-88,,,,,,,,,,,,,-73,-73,,,,,,,,,,,-79,-79,,,,-88,,,,,-76,-75,,,,,,,,,,,,
55,Auditório de Eng. Elétrica,,,,,,,,,,,,,,,-80,-81,,,,,,,,,,,-80,-79,,,-86,-86,,,-90,-91,-77,-77,,,,,,,,,,,-88,-88
56,Auditório de Eng. Elétrica,,,,,,,,,,,,,,,-75,-75,,,,,,,,,,,-81,-81,,,-82,-83,,,,,-76,-77,,,,,,,,,,,-90,-89
57,Auditório de Eng. Elétrica,-88,-87,,,,,,,,,,,,,-83,-83,,,,,,,,,,,-81,-81,,,-85,-85,,,,,-71,-71,,,,,,,,,,,,
58,Auditório de Eng. Elétrica,-89,-89,,,,,,,,,,,,,-78,-78,,,,,,,,,,,-83,-83,,,-85,-86,,,-88,-88,-77,-77,,,,,,,,,,,-88,-88
59,Auditório de Eng. Elétrica,-86,-86,,,,,,,,,,,,,-75,-75,,,,,,,,,,,-85,-85,,,-83,-84,,,,,-73,-75,,,,,,,,,,,,
60,Auditório de Eng. Elétrica,,-88,,,,,,,,,,,,,-78,-78,,,,,,,,,,,-82,-82,,,-83,-84,,,,,-79,-79,,,,,,,,,,,-92,-90
61,Lab. de Instrumentação biomédica,,,-81,-81,,,,,,,,,,,-74,-74,,,,,,,,,,,-84,-83,,,-69,-70,,,,,-84,-84,,,,,,,,,,,-78,-78
62,Lab. de Instrumentação biomédica,,,-82,-82,,,,,,,,,,,-77,-77,,,,,,,,,,,-79,-78,,,-70,-70,,,,,,,,,,,,,,,,,-79,-80
63,Lab. de Instrumentação biomédica,,,-85,-82,,,,,,,,,,,-78,-78,,,,,,,,,,,,,,,-71,-71,,,,,-87,-87,,,,,,,,,,,-82,-82
64,Lab. de Instrumentação biomédica,,,-88,-88,,,,,,,,,,,-77,-77,,,,,,,,,,,-87,-87,,,-75,-75,,,,,-86,-86,,,,,,,,,,,-90,-91
65,Lab. de Instrumentação biomédica,,,-85,-85,,,,,,,,,,,-75,-75,,,,,,,,,,,-85,-85,,,-69,-71,,,,,-88,-88,,,,,,,,,,,-88,-87
66,Lab. de Instrumentação biomédica,,,-87,-87,,,,,,,,,,,-79,-79,,,,,,,,,,,-83,-83,,,-74,-74,,,,,-89,-91,,,,,,,,,,,-85,-84
67,Lab. de Instrumentação biomédica,,,-85,-85,,,,,,,,,,,-76,-76,,,,,,,,,,,-79,-79,,,-74,-74,,,,,-85,-83,,,,,,,,,,,-81,-81
68,Lab. de Instrumentação biomédica,,,-82,-82,,,,,,,,,,,-76,-76,,,,,,,,,,,-89,-87,,,-73,-73,,,,,-90,-90,,,,,,,,,,,-80,-79
69,Lab. de Instrumentação biomédica,,,,-87,,,,,,,,,,,-74,-75,,,,,,,,,,,-85,-84,,,-74,-74,,,,,-86,-86,,,,,,,,,,,-89,-87
70,Lab. de Instrumentação biomédica,,,-86,-86,,,,,,,,,,,-76,-77,,,,,,,,,,,-83,-82,,,-68,-68,,,,,-83,-83,,,,,,,,,,,-86,-88
71,Lab. de aferição e calibração,,,-79,-79,,,,,,,,,,,-72,-72,,,,,,,,,,,-92,,,,-56,-57,,,,,,,,,,,,,,,,,-83,-83
72,Lab. de aferição e calibração,,,-83,-83,,,,,,,,,,,-73,-73,,,,,,,,,,,,,,,-56,-55,,,,,,,,,,,,,,,,,-77,-77
73,Lab. de aferição e calibração,,,-83,-80,,,,,,,,,,,-74,-75,,,,,,,,,,,,,,,-59,-59,-89,-89,,,,,,,,,,,,,,,-75,-75
74,Lab. de aferição e calibração,,,-85,-85,,,,,,,,,,,-75,-76,,,,,,,,,,,,-92,,,-55,-55,,,,,,,,,,,,,,,,,-78,-78
75,Lab. de aferição e calibração,,,-87,-90,,,,,,,,,,,-71,-71,,,,,,,,,,,,,,,-56,-56,,,,,,,,,,,,,,,,,-84,-84
76,Lab. de aferição e calibração,,,-82,-82,,,,,,,,,,,-72,-72,,,,,,,,,,,,,,,-59,-58,,,,,,,,,,,,,,,,,-77,-78
77,Lab. de aferição e calibração,,,-78,-77,,-89,,,,,,,,,-75,-77,,,,,,,,,,,-90,-89,,,-56,-56,,,,,,,,,,,,,,,,,-79,-80
78,Lab. de aferição e calibração,,,-85,-83,,,,,,,,,,,-73,-72,,,,,,,,,,,,,,,-57,-56,,,,,,,,,,,,,,,,,-80,-79
79,Lab. de aferição e calibração,,,-81,-82,,,,,,,,,,,-74,-74,,,,,,,,,,,,,,,-53,-54,,,,,,,,,,,,,,,,,-78,-78
80,Lab. de aferição e calibração,,,-77,-78,,,,,,,,,,,-79,-78,,,,,,,,,,,-91,-90,,,-58,-58,,,,,,,,,,,,,,,,,-78,-78
81,Lab. de medidas em telecomunicações,,,-81,-80,,,,,,,,,,,-75,-75,,,,,,,,,,,,,,,-65,-64,,,,,,,,,,,,,,,,,-75,-75
82,Lab. de medidas em telecomunicações,,,-78,-78,,,,,,,,,,,-75,-75,,,,,,,,,,,,,,,-66,-66,,,,,,,,,,,,,,,,,-78,-78
83,Lab. de medidas em telecomunicações,,,-78,-78,,,,,,,,,,,-80,-79,,,,,,,,,,,,,,,-72,-72,,,,,,,,,,,,,,,,,-78,-77
84,Lab. de medidas em telecomunicações,,-89,-81,-81,,,,,,,,,,,-77,-77,,,,,,,,,,,,,,,-71,-71,,,,,,,,,,,,,,,,,-77,-77
85,Lab. de medidas em telecomunicações,,,-80,-80,,,,,,,,,,,-77,-77,,,,,,,,,,,,,,,-66,-66,,,,,,,,,,,,,,,,,-81,-82
86,Lab. de medidas em telecomunicações,,,-79,-79,,,,,,,,,,,-77,-77,,,,,,,,,,,,,,,-62,-62,,,,,,,,,,,,,,,,,-80,-80
87,Lab. de medidas em telecomunicações,,,-74,-74,,,,,,,,,,,-81,-80,,,,,,,,,,,,,,,-66,-66,,,,,,,,,,,,,,,,,-76,-76
88,Lab. de medidas em telecomunicações,,,-83,-83,,,,,,,,,,,-81,-81,,,,,,,,,,,,,,,-65,-65,,,,,,,,,,,,,,,,,-79,-78
89,Lab. de medidas em telecomunicações,,,-83,-84,,,,,,,,,,,-81,-79,,,,,-87,-89,,,,,,,,,-68,-68,,,,,,,,,,,,,,,,,-73,-74
90,Lab. de medidas em telecomunicações,,,-89,-88,,,,,,,,,,,-77,-78,,,,,,,,,,,,,,,-69,-69,,,,,,,,,,,,,,,,,-79,-79
91,Coordenação de pós em Eng. Elétrica,,,-83,-83,,,,,,,,,,,,,,,,,,,,,,,,,,,,,,,,,,,,,,,,,,,,,-79,-78
92,Coordenação de pós em Eng. Elétrica,,,-85,-86,,,,,,,,,,,,,,,,,,,,,,,,,,,,,,,-86,-87,,,,,,,,,,,,,-81,-81
93,Coordenação de pós em Eng. Elétrica,,,-88,-87,,,,,,,,,,,,,,,,,,,,,,,,,,,,,,,-84,-85,,,,,,,,,,,,,-74,-74
94,Coordenação de pós em Eng. Elétrica,,,-86,-85,-91,-90,,,,,,,,,,,,,,,,,,,,,,,,,,,,,,,,,,,,,,,,,,,-81,-80
95,Coordenação de pós em Eng. Elétrica,,,,,,,,,,,,,,,,,,,,,,,,,,,,,,,,,,,,,,,,,,,,,,,,,-80,-80
96,Coordenação de pós em Eng. Elétrica,,,-85,-85,-92,-88,,,,,,,,,,,,,,,,,,,,,,,,,,,,,,,,,,,,,,,,,,,-76,-76
97,Coordenação de pós em Eng. Elétrica,,,-87,-87,,,,,,,,,,,,,,,,,,,,,,,,,,,,,,,,,,,,,,,,,,,,,-74,-74
98,Coordenação de pós em Eng. Elétrica,,,-86,-86,,,,,,,,,,,,,,,,,,,,,,,,,,,,,,,,,,,,,,,,,,,,,-79,-79
99,Coordenação de pós em Eng. Elétrica,,,-89,-89,,,,,,,,,,,,,,,,,,,,,,,,,,,,,,,,,,,,,,,,,,,,,-86,-85
100,Coordenação de pós em Eng. Elétrica,,,-85,-84,,,,,,,,,,,,,,,,,,,,,,,,,,,,,,,,,,,,,,,,,,,,,-77,-77
101,Lab. de redes convergentes,,,-85,-85,,,,,,,,,,,-88,-87,,,,,,,,,,,,,,,-80,-80,,,,,,,,,,,,,,,,,-59,-59
102,Lab. de redes convergentes,,,-85,-84,,,,,,,,,,,-88,-89,,,,,,,,,,,,,,,-81,-81,,,,,,,,,,,,,,,,,-61,-61
103,Lab. de redes convergentes,,,-82,-83,,,,,,,,,,,-89,-87,,,,,,,,,,,,,,,-85,-85,,,,,,,,,,,,,,,,,-61,-61
104,Lab. de redes convergentes,,,-83,-83,,,,,,,,,,,,,,,,,,,,,,,,,,,-84,-85,,,-88,-87,,,,,,,,,,,,,-64,-63
105,Lab. de redes convergentes,,,-85,-85,,,,,,,,,,,-86,-87,,,,,,,,,,,,,,,-85,-85,,,,,,,,,,,,,,,,,-56,-57
106,Lab. de redes convergentes,,,-85,-87,,,,,,,,,,,-88,-87,,,,,,,,,,,,,,,-79,-79,,,,,,,,,,,,,,,,,-58,-56
107,Lab. de redes convergentes,,,-88,-87,,,,,,,,,,,-87,-84,,,,,,,,,,,,,,,-84,-84,,,-86,-88,,,,,,,,,,,,,-59,-59
108,Lab. de redes convergentes,,,-83,-82,,,,,,,,,,,-86,-85,,,,,,,,,,,,,,,-84,-83,,,-86,-87,,,,,,,,,,,,,-64,-64
109,Lab. de redes convergentes,,,-87,-88,,,,,,,,,,,-85,-86,,,,,,,,,,,,,,,-86,-86,,,-89,-90,,,,,,,,,,,,,-57,-57
110,Lab. de redes convergentes,,,-87,,,,,,,,,,,,-84,-84,,,,,,,,,,,,,,,-79,-79,,,-86,-87,,,,,,,,,,,,,-59,-59
111,Lab. de fibras ópticas,,,-87,-86,,,,,,,,,,,-87,-86,,,,,,,,,,,,,,,-78,-78,,,-87,-88,,,,,,,,,,,,,-60,-60
112,Lab. de fibras ópticas,,,,,,,,,,,,,,,-86,-87,,,,,,,,,,,,,,,-78,-77,,,-83,-84,,,,,,,,,,,,,-61,-61
113,Lab. de fibras ópticas,,,,,,,,,,,,,,,-86,-85,,,,,,,,,,,-88,-89,,,-71,-71,,,-85,-85,,,,,,,,,,,,,-61,-61
114,Lab. de fibras ópticas,,,-86,,,,,,,,,,,,-85,-83,,,,,,,,,,,,,,,-74,-74,,,-83,-82,,,,,,,,,,,,,-64,-64
115,Lab. de fibras ópticas,,,-86,-85,,,,,,,,,,,-83,-83,,,,,,,,,,,-89,-90,,,-76,-76,,,,,,,,,,,,,,,,,-59,-59
116,Lab. de fibras ópticas,,,,,,,,,,,,,,,-86,-86,,,,,,,,,,,,,,,-77,-76,,,,,,,,,,,,,,,,,-61,-61
117,Lab. de fibras ópticas,,,-84,-82,,,,,,,,,,,-86,-86,,,,,,,,,,,,,,,-75,-76,,,-88,-88,,,,,,,,,,,,,-64,-64
118,Lab. de fibras ópticas,,,-86,-85,,,,,,,,,,,-85,-86,,,,,,,,,,,,,,,-76,-75,,,-84,-83,,,,,,,,,,,,,-61,-60
119,Lab. de fibras ópticas,,,-84,-84,,,,,,,,,,,-85,-83,,,,,,,,,,,,,,,-76,-76,,,-85,-86,,,,,,,,,,,,,-63,-64
120,Lab. de fibras ópticas,,,-82,-81,,,,,,,,,,,-84,-84,,,,,,,,,,,,,,,-76,-76,,,-86,-86,,,,,,,,,,,,,-64,-64
121,Pesquisa em Eng. Elétrica,,,,,,,,,,,,,,,-88,-88,,,,,,,,,,,-88,-87,,,-86,-87,,,-80,-80,,,,,,,,,,,,,,-89
122,Pesquisa em Eng. Elétrica,,,,,,,,,,,,,,,-87,,,,,,,,,,,,-87,-87,,,-84,-84,,,-83,-82,,,,,,,,,,,,,-84,-84
123,Pesquisa em Eng. Elétrica,,,,-90,,,,,,,,,,,-85,-86,,,,,,,,,,,-87,-87,,,-87,-87,,,-85,-84,,,,,,,,,,,,,-79,-79
124,Pesquisa em Eng. Elétrica,,,,,,,,,,,,,,,,,,,,,,,,,,,-88,-87,,,-86,-87,,,-83,-83,,,,,,,,,,,,,-78,-78
125,Pesquisa em Eng. Elétrica,,,,,,,,,,,,,,,-85,-87,,,,,,,,,,,,,,,-85,-84,,,-83,-82,,,,,,,,,,,,,-84,-84
126,Pesquisa em Eng. Elétrica,,,-89,-89,,,,,,,,,,,-89,-88,,,,,,,,,,,-90,-89,,,-87,-89,,,-83,-83,,,,,,,,,,,,,-79,-79
127,Pesquisa em Eng. Elétrica,,,,-89,,,,,,,,,,,-86,-85,,,,,,,,,,,-85,-85,,,-86,-88,,,-83,-84,,,,,,,,,,,,,-81,-81
128,Pesquisa em Eng. Elétrica,,,,,,,,,,,,,,,-84,-85,,,,,,,,,,,-88,-87,,,-88,-87,,,-87,-87,,,,,,,,,,,,,-79,-77
129,Pesquisa em Eng. Elétrica,,,,,,,,,,,,,,,-86,-85,,,,,,,,,,,,,,,-84,-83,,,-83,-83,,,,,,,,,,,,,-78,-79
130,Pesquisa em Eng. Elétrica,,,,,,,,,,,,,,,-86,-87,,,,,,,,,,,-88,-88,,,-89,-87,,,-86,-86,-91,-92,,,,,,,,,,,-83,-82
131,Práticas didáticas,,,,,,,,,,,,,,,-89,-89,,,,,,,,,,,-83,-83,,,,,,,-74,-74,-83,-82,,,,,,,,,,,-86,-86
132,Práticas didáticas,,,,,,,,,,,,,,,-88,-87,,,,,,,,,,,-85,-86,,,,,,,-77,-77,-84,-84,,,,,,,,,,,-85,-86
133,Práticas didáticas,,,,,,,,,,,,,,,-91,-91,,,,,,,,,,,-87,-88,,,,,,,-79,-78,-83,-83,,,,,,,,,,,,
134,Práticas didáticas,,,,,,,,,,,,,,,-86,-86,,,,,,,,,,,-80,-80,,,,,,,-81,-81,-84,-83,,,,,,,,,,,,-81
135,Práticas didáticas,,,,,,,,,,,,,,,-84,-83,,,,,,,,,,,-87,-89,,,,,,,-76,-76,-85,-85,,,,,,,,,,,-85,-87
136,Práticas didáticas,,,,,,,,,,,,,,,,,,,,,,,,,,,-86,-86,,,,,,,-82,-83,-86,-87,,,,,,,,,,,,
137,Práticas didáticas,,,,,,,,,,,,,,,,-89,,,,,,,,,,,-86,-85,,,,,,,-78,-78,-84,-85,,,,,,,,,,,-90,-92
138,Práticas didáticas,,,,,,,,,,,,,,,-85,-84,,,,,,,,,,,-88,-88,,,,,,,-75,-76,-85,-85,,,,,,,,,,,-84,-83
139,Práticas didáticas,,,,,,,,,,,,,,,-85,-85,,,,,,,,,,,-84,-83,,,,,,,-82,-82,-84,-85,,,,,,,,,,,-82,-82
140,Práticas didáticas,,,,,,,,,,,,,,,-89,-87,,,,,,,,,,,-90,-90,,,,,,,-77,-76,-86,-88,,,,,,,,,,,-86,-85
141,Sala dos professores,,,,,,,,,,,,,,,,,,,,,,,,,,,,,,,,,,,,,,,,,-62,-62,,,,,,,,
142,Sala dos professores,,,,,,,,,,,,,,,,,,,-90,-91,,,,,,,,,,,,,,,,,,,,,-66,-66,,,,,,,,
143,Sala dos professores,,,,,,,,,,,,,,,,,,,,,,,,,,,,,,,,,,,,,,,,,-63,-64,,,,,,,,
144,Sala dos professores,,,,,,,,,,,,,,,,,,,-86,-86,,,,,,,,,,,,,,,,,,,,,-64,-64,,,,,,,,-92
145,Sala dos professores,,,,,,,,,,,,,,,,,,,,,,,,,,,,,,,,,,,,,,,,,-56,-56,,,,,,,-88,
146,Sala dos professores,,,,,,,,,,,,,,,,,,,,,,,,,,,,,,,,,,,,,,,,,-66,-66,,,,,,,,
147,Sala dos professores,,,,,,,,,,,,,,,,,,,-89,,,,,,,,,,,-89,,,,,,,,,,,-61,-61,,,,,,,,
148,Sala dos professores,,,,,,,,,,,,,,,,,,,,,,,,,,,,,,-91,,,,,,,,,,,-60,-60,,,,,,,,
149,Sala dos professores,,,,,,,,,,,,,,,,,,,-87,-86,,,,,,,,,-87,-86,,,,,,,,,,,-64,-64,,,,,,,,
150,Sala dos professores,,,,,,,,,,,,,,,,,,,,,,,,,,,,,,,,,,,,,,,,,-59,-59,,,,,,,,
151,Lab. química 03,,,-83,-84,,,,,-85,-85,,,,,-70,-70,,,,,-87,-86,,,-90,-89,,,,,,,,,,,,,,,,,-78,-80,,,,,,
152,Lab. química 03,,,-81,-80,,,-87,-86,,-85,,,,,-71,-72,,,,,-83,-83,,,-86,-85,,,,,,,-88,,,,,,,,,,-81,-82,,,,,,
153,Lab. química 03,,,-75,-77,,,-86,-86,-83,-82,,,,,-73,-73,,,,,-87,-86,,,-87,-86,,,,,,,-87,-88,,,,,,,,,-78,-78,,,,,,
154,Lab. química 03,,,-78,-78,,,,,-81,-82,,,,,-70,-70,,,,,-82,-83,,,-89,-89,,,,,,,-88,-87,,,,,,,,,-82,-82,,,,,,
155,Lab. química 03,,,-82,-82,,,,,-85,-84,,,,,-77,-76,,,,,-80,-80,,,-87,-86,,,,,,,-90,,,,,,,,,,-85,-84,,,,,,
156,Lab. química 03,,,-83,-84,,,-88,-89,-85,-84,,,,,-79,-79,,,,,-81,-81,,,-89,-88,,,,,,,,,,,,,,,,,-86,-86,,,,,,
157,Lab. química 03,,,-87,-86,,,-87,-90,-86,-86,,,,,-74,-74,,,,,-83,,,,-85,-85,,,,,,,,-90,,,,,,,,,-79,-78,,,,,,
158,Lab. química 03,,,-77,-77,,,,,-85,-85,,,,,-79,-78,,,,,-81,-81,,,-91,-88,,,,,,,,,,,,,,,,,-78,-78,,,,,,
159,Lab. química 03,,,-85,-83,,,-87,-87,-84,-85,,,,,-73,-73,,,,,-81,-82,,,,,,,,,,,-87,-88,,,,,,,,,-81,-82,,,,,,
160,Lab. química 03,,,-79,-80,,,,,-87,-87,,,,,-76,-76,,,,,-81,-80,,,-90,,,,,,,,,,,,,,,,,,-81,-81,,,,,,
161,Lab. química 02,,,-82,-81,,,,,,-91,,,,,-54,-53,,,,,-83,-83,,,-90,-88,,-88,,,,,,,,,,,,,,,-88,-88,,,,,,
162,Lab. química 02,,,-80,-80,,,-87,-85,,,,,,,-51,-51,,,,,,-87,,,-89,-91,,,,,,,,,,,,,,,,,-87,-88,,,,,,
163,Lab. química 02,,,-79,-79,,,,,-91,-89,,,,,-50,-50,,,,,-89,-87,,,-92,-91,-88,-86,,,,,,,,,,,,,,,-85,-86,,,,,,
164,Lab. química 02,,,-78,-77,,,,,-83,-83,,,,,-52,-52,,,,,-86,-85,,,,,,,,,,,,,,,,,,,,,-88,-89,,,,,,
165,Lab. química 02,,,-82,-82,,,,-89,-88,-87,,,,,-52,-52,,,,,,,,,-88,-89,,,,,,,,,,,,,,,,,,,,,,,,
166,Lab. química 02,,,-81,-80,,,,,-90,-89,,,,,-50,-50,,,,,-86,-86,,,-87,-89,-87,-88,,,,,,,,,,,,,,,,,,,,,,
167,Lab. química 02,,,-81,-81,,,,,-84,-84,,,,,-56,-56,,,,,-84,-85,,,-91,-90,-88,-87,,,,,,,,,,,,,,,-88,-89,,,,,,
168,Lab. química 02,,,-81,-82,,,,,-88,-87,,,,,-52,-52,,,,,-85,-85,,,,,-88,-90,,,,-89,,,,,,,,,,,-87,-87,,,,,,
169,Lab. química 02,,,-78,-77,,,-88,-87,-82,-83,,,,,-52,-52,,,,,-86,-86,,,-89,-87,,,,,,,,,,,,,,,,,-85,-86,,,,,,
170,Lab. química 02,,,-80,-80,,,,,-84,-85,,,,,-50,-49,,,,,-85,-86,,,-89,-90,,,,,,,,,,,,,,,,,-90,-84,,,,,,
171,Lab. química 01,,,-85,-85,,,-87,-87,-76,-76,,,-87,-86,-51,-51,,,,,-86,-85,,,,,,,,,,,,,,,,,,,,,,,,,,,,
172,Lab. química 01,,,-81,-81,,,,,-84,-84,,,,,-58,-58,,,,,-82,-82,,,-91,-88,,,,,,,,,,,,,,,,,-89,-88,,,,,,
173,Lab. química 01,,,-85,-84,,,,,-85,-85,,,-88,-89,-57,-57,,,,,,-89,,,,,-87,-88,,,,,,,,,,,,,,,-90,,,,,,,
174,Lab. química 01,,,-80,-80,,,,,-86,-86,,,,,-48,-48,,,,,-84,-83,,,,,-88,-88,,,,,,,,,,,,,,,,,,,,,,
175,Lab. química 01,,,-85,-84,,,,-88,-81,-80,,,-87,-89,-50,-50,,,,,-87,-86,,,,,-88,-88,,,,,,,,,,,,,,,-87,-88,,,,,,
176,Lab. química 01,,,-82,-82,,,,,-88,-85,,,-84,-85,-49,-49,,,,,-86,-86,,,-88,-90,-86,-85,,,,,,,,,,,,,,,-87,-86,,,,,,
177,Lab. química 01,,,-82,-82,,,,,-81,-83,,,,,-50,-50,,,,,-84,-83,,,,,,-89,,,,,,,,,,,,,,,-86,-87,,,,,,
178,Lab. química 01,,,-79,-79,,,,,-85,-85,,,,,-49,-48,,,,,-82,-82,,,,,,,,,,,,,,,,,,,,,-87,,,,,,,
179,Lab. química 01,,,-80,-80,,,,,-91,-88,,,,,-50,-50,,,,,-90,-89,,,,-90,-88,-88,,,,,,,,,,,,,,,,,,,,,,
180,Lab. química 01,,,-85,-84,,,-89,,-87,-88,,,-80,-79,-50,-50,,,,,,,,,,,,-87,,,,,,,,,,,,,,,-91,-88,,,,,,
181,Lab. de microscopia,,,,,,,,,-90,,,,-80,-80,-71,-71,,,,,,,-83,-84,,,-82,-82,,,,,,,,,,,-90,-89,,,,,,,,,,
182,Lab. de microscopia,,,,,,,,,-90,-91,,,-78,-78,-72,-72,,,,,,,-91,-89,,,-80,-80,,,,,,,,,,,-89,-90,,,,,,,,,,
183,Lab. de microscopia,,,,,,,,,-88,-87,,,-84,-85,-70,-69,,,,,,,-90,,,,-81,-81,,,,,,,,,,,-88,-88,,,,,,,,,,
184,Lab. de microscopia,,,,,,,,,,,,,-82,-81,-72,-72,,,,,,-88,-88,-87,,,-81,-81,,,,,,,,,,,,,,,,,,,,,,
185,Lab. de microscopia,,,,,,,,,,,,,-80,-80,-74,-74,,,,,,,-86,-84,,,-81,-81,,,,,,,,,,,-89,-89,,,,,,,,,,
186,Lab. de microscopia,,,,,,,,,,,,,-80,-81,-72,-72,,,,,,,,,,,-83,-83,,,,,,,,,,,-87,-87,,,,,,,,,,
187,Lab. de microscopia,,,,,,,,,,,,,-84,-84,-77,-77,,,,,-88,,-85,-85,,,-82,-83,,,,,,,,,,,-88,-89,,,,,,,,,,
188,Lab. de microscopia,,,,,,,,,,,,,-85,-83,-75,-75,,,,,,,-91,-89,,,-84,-84,,,,,,,,,,,,,,,,,,,,,,
189,Lab. de microscopia,,,,,,,,,,,,,-75,-76,-72,-72,,,,,,,,,,,-80,-80,,,,,,,,,,,-85,-86,,,,,,,,,,
190,Lab. de microscopia,,,,,,,,,-86,-86,,,-77,-78,-71,-71,,,,,,,,,,,,-84,,,,,,,,,,,,,,,,,,,,,,
191,Lab. de matemática,,,,,,,,,,,,,-83,-80,-75,-74,,,,,,,,,,,-82,-81,,,,,,,,,,,-88,,,,,,,,,,,
192,Lab. de matemática,,,,,,,,,,,,,-75,-75,-75,-74,,,,,-88,-88,-83,-81,,,-85,-87,,,,,,,,,,,-87,-88,,,,,,,,,,
193,Lab. de matemática,,,,,,,,,-88,-89,,,-77,-77,-71,-72,,,,,,,-85,,,,,-87,,,,,,,,,,,-88,-87,,,,,,,,,,
194,Lab. de matemática,,,,,,,,,-86,-87,,,-74,-74,-72,-72,,,,,,,-85,-85,,,,,,,,,,,,,,,,,,,,,,,,,,
195,Lab. de matemática,,,,,,,,,-89,-89,,,-81,-82,-70,-70,,,,,,,-90,-90,,,-86,-86,,,,,,,,,,,-86,-86,,,,,,,,,,
196,Lab. de matemática,,,,,,,,,-89,-89,,,-76,-76,-74,-73,,,,,,,,,,,,,,,,,,,,,-93,-92,,,,,,,,,,,,
197,Lab. de matemática,,,,,,,,,,,,,-79,-79,-70,-70,,,,,,,-86,-84,,,-83,-84,,,,,,,,,,,-87,,,,,,,,,,,
198,Lab. de matemática,,,,,,,,,,,,,-82,-82,-73,-73,,,,,,,,,,,-81,-81,,,,,,,,,-90,-88,-85,-86,,,,,,,,,,
199,Lab. de matemática,,,,,,,,,-85,-85,,,-77,-76,-72,-71,,,,,,,,,,,-83,-83,,,,,,,,,,,-88,-91,,,,,,,,,,
200,Lab. de matemática,,,,,,,,,-88,-87,,,-84,-83,-71,-71,,,,,,,-87,-87,,,-85,-84,,,,,,,,,,,-89,-87,,,,,,,,,,
201,Lab. de biologia,,,-70,-70,,,,,-88,-88,,,-89,-90,-70,-70,,,,,,,,,,,-83,-86,,,,,,,,,,,,,,,,,,,,,,
202,Lab. de biologia,,,-66,-66,,,,,-86,-86,,,,,-67,-66,,,,,,,,,-85,-85,-77,-76,,,,,,,,,,,,,,,,,,,,,,
203,Lab. de biologia,,,-74,-74,,,,,-91,-92,,,,,-72,-72,,,,,,,,,-91,-90,-82,-82,,,,,,,,,,,,,,,,,,,,,,
204,Lab. de biologia,,,-68,-68,,,,,-90,-89,,,,-89,-68,-68,,,,,,,,,-88,-89,-83,-84,,,-89,-88,,,,,,,,,,,,,,,,,,
205,Lab. de biologia,,,-67,-66,,,,,,,,,,,-66,-66,,,,,,,,,-83,-83,-73,-73,,,-88,,,,,,,,,,,,,,,,,,,
206,Lab. de biologia,,,-68,-68,,,,,-89,-90,,,,,-63,-63,,,,,,,,,-86,-85,-84,-85,,,,,,,,,,,,,,,,,,,,,,
207,Lab. de biologia,,,-69,-69,,,,,-83,-83,,,,,-70,-70,,,,,,,,,-88,-88,,,,,-89,-88,,,,,,,,,,,,,,,,,,
208,Lab. de biologia,,,-71,-71,,,,,-88,-88,,,,,-72,-72,,,,,,,,,,,-82,-81,,,,,,,,,,,,,,,,,,,,,,
209,Lab. de biologia,,,-71,-70,,,,,-84,-85,,,,,-69,-69,,,,,,,,,-84,-83,-79,-78,,,,,,,,,,,,,,,,,,,,,,
210,Lab. de biologia,,,-74,-74,,,,,-86,-87,,,-86,-87,-70,-69,,,,,,,,,-86,-86,-85,-85,,,,,,,,,,,,,,,,,,,,,,
211,Lab. de física,,,-70,-70,,,,,-87,-86,,,-83,-84,-67,-66,,,,,,,,,-88,-89,-84,-84,,,,,,,,,,,,,,,,,,,,,,
212,Lab. de física,,,-68,-68,,,,,-79,-78,,,-86,-86,-72,-73,,,,,,,,,-88,-88,,,,,,,,,,,,,,,,,,,,,,,,
213,Lab. de física,,,-70,-70,,,,,,,,,-78,-79,-69,-69,,,,,,,,,,-90,-81,-81,,,,,,,,,,,,,,,,,,,,,,
214,Lab. de física,,,-67,-67,,,,,-82,-82,,,,,-72,-72,,,,,,,,,-87,-89,-82,-83,,,,,,,,,,,,,,,,,,,,,,
215,Lab. de física,,,-75,-73,,,,,-86,-87,,,-84,-84,-70,-70,,,,,,,,,-91,-90,-79,-78,,,,,,,,,,,,,,,,,,,,,,
216,Lab. de física,,,-72,-72,,,,,-81,-81,,,-85,-83,-63,-63,,,,,,,,,-84,-83,-81,-80,,,,,,,,,,,,,,,,,,,,,,
217,Lab. de física,,,-69,-69,,,,,-86,-85,,,-86,-87,-67,-67,,,,,,,,,-90,-90,-82,-82,,,,,,,,,,,,,,,,,,,,,,
218,Lab. de física,,,-69,-70,,,,,,-88,,,-80,-81,-66,-66,,,,,,,,,-86,-85,-87,-87,,,,,,,,,,,,,,,,,,,,,,
219,Lab. de física,,,-71,-71,,,,,,,,,,,-66,-66,,,,,,,,,-87,-87,-82,-82,,,,,,,,,,,,,,,,,,,,,,
220,Lab. de física,,,-72,-72,,,,,-89,-91,,,-86,-86,-72,-73,,,,,,,,,-89,-91,-77,-77,,,,,,,,,,,,,,,,,,,,,,
221,Núcleo de pesquisa,,,,,,,,,,,,,-85,-86,-82,-82,,,,,,,,,-91,-91,-67,-67,,,,,,,,,,,-83,-82,,,,,,,,,,
222,Núcleo de pesquisa,,,,,,,,,,,,,-81,-82,-82,-82,,,,,,,,,,,-64,-64,,,,,,,,,,,-81,-82,,,,,,,,,,
223,Núcleo de pesquisa,,,-85,-84,,,,,,,,,,,-87,-86,,,,,,,,,,,-71,-71,,,,,,,,,,,-83,-82,,,,,,,,,,
224,Núcleo de pesquisa,,,-88,-86,,,,,,,,,-78,-78,-83,-84,,,,,,,,,-91,-91,-73,-72,,,,,,,,,,,-89,-88,,,,,,,,,,
225,Núcleo de pesquisa,,,-87,-88,,,,,,,,,-83,,-83,-84,,,,,,,,,-91,-92,-78,-80,,,,,,,,,,,-86,-89,,,,,,,,,,
226,Núcleo de pesquisa,,,,,,,,,,,,,,,-84,-82,,,,,,,,,-90,-91,-77,-76,,,,,,,,,,,-83,-83,,,,,,,,,,
227,Núcleo de pesquisa,,,,,,,,,,,,,-85,,-87,-85,,,,,,,,,,,-75,-75,,,,,,,,,,,-83,-82,,,,,,,,,,
228,Núcleo de pesquisa,,,-89,-86,,,,,,,,,-85,-84,-85,-85,,,,,,,,,-88,-87,-66,-66,,,,,,,,,,,-89,-88,,,,,,,,,,
229,Núcleo de pesquisa,,,,,,,,,,,,,-81,-81,-82,-82,,,,,,,,,,,-66,-66,,,,,,,,,,,-83,-82,,,,,,,,,,
230,Núcleo de pesquisa,,,,,,,,,,,,,-80,-79,-81,-82,,,,,,,,,,,-79,-79,,,,,,,,,,,-84,-86,,,,,,,,,,
231,Coordenação de química,,,-87,-87,,,,,,,,,-84,-83,-84,-86,,,,,,,,,-91,-90,-78,-78,,,,,,,-89,,,,-79,-79,,,,,,,,,,
232,Coordenação de química,,,-86,-85,,,,,,,,,-81,-81,-85,-87,,,,,,,,,-88,-89,-76,-76,,,,,,,,,,,-76,-76,,,,,,,,,,
233,Coordenação de química,,,-85,-84,,,,,,,,,-85,-85,-86,-90,,,,,,,,,-92,-90,-77,-76,,,,,,,,,,,-78,-78,,,,,,,,,,
234,Coordenação de química,,,,,,,,,,,,,-84,-82,-83,-83,,,,,,,,,,,-76,-76,,,,,,,,,,,-75,-75,,,,,,,,,,
235,Coordenação de química,,,,,,,,,,,,,-84,-85,,,,,,,,,,,,,-77,-76,,,,,,,-84,-87,,,-75,-75,,,,,,,,,,
236,Coordenação de química,,,,,,,,,,,,,-87,-88,-86,-87,,,,,,,,,,,-75,-75,,,,,,,,,,,-74,-74,,,,,,,,,,
237,Coordenação de química,,,,,,,,,,,,,-82,-82,-88,-87,,,,,,,,,,,-76,-76,,,,,,,,,,,-78,-78,,,,,,,,,,
238,Coordenação de química,,,,,,,,,,,,,-86,-88,-89,-87,,,,,,,,,-88,-87,-79,-79,,,,,,,,,,,-77,-77,,,,,,,,,,
239,Coordenação de química,,,,,,,,,,,,,-84,-82,-83,-84,,,,,,,,,,,-80,-79,,,,,,,-87,-87,,,-78,-78,,,,,,,,,,
240,Coordenação de química,,,-89,-88,,,,,,,,,-83,-83,-86,-84,,,,,,,,,,,-76,-75,,,,,,,,,,,-80,-79,,,,,,,,,,