num,ambiente,24:36:da:2b:5e:c0,24:36:da:2b:5e:c2,24:36:da:2b:bc:00,24:36:da:2b:bc:02,2c:57:41:d4:69:c2,4c:e1:75:db:58:80,4c:e1:75:db:58:82,84:f1:47:54:6b:80,84:f1:47:54:6b:82,84:f1:47:54:71:00,84:f1:47:54:71:02,84:f1:47:54:7f:20,84:f1:47:54:7f:22,84:f1:47:54:8b:a0,84:f1:47:54:8b:a2,84:f1:47:54:95:e0,84:f1:47:54:95:e2,84:f1:47:54:96:e0,84:f1:47:54:96:e2,84:f1:47:54:eb:20,84:f1:47:54:eb:22,84:f1:47:54:f9:80,84:f1:47:54:f9:82,84:f1:47:54:fd:c0,84:f1:47:54:fd:c2,b8:11:4b:1d:14:80,b8:11:4b:1d:14:82,b8:11:4b:1d:1e:40,b8:11:4b:1d:1e:42,e4:4e:2d:85:4c:60,e4:4e:2d:85:4c:62
1,Lab. Informática 09,,,,,-86,,,,,,,-57,-57,,,,,,-89,,,,,,,,,,,-85,-85
2,Lab. Informática 09,,,,,-92,,,,,,,-58,-58,,,,,,,,,,,,,,,-86,,-89,-87
3,Lab. Informática 09,,,,,,,,,,,,-57,-57,,,,,,,,,,,,,,,-83,,-90,-90
4,Lab. Informática 09,,,,,,,,,,,,-58,-58,,,,,,,,,,,,,,,-83,-84,,-88
5,Lab. Informática 09,,,,,,,,,,,,-59,-59,,,,,,,,,,,,,,,-84,,-88,-88
6,Sala dos técnicos,,,,,,,,,,,,-68,-70,,,,,-82,-83,,,,,-83,-83,,,,,-85,-85
7,Sala dos técnicos,,,,,,,,,,,,-68,-68,,,,,-81,-82,,,,,-84,-84,,,,,,
8,Sala dos técnicos,,,,,,,,,,,,-68,-68,,,,,-79,-79,,,,,-85,-85,,,,,,
9,Sala dos técnicos,,,,,,,,,,,,-71,-71,,,,,-81,-82,,,,,,,,,,,-88,-90
10,Sala dos técnicos,,,,,,,,,,,,-71,-71,,,,,-82,-82,,,,,-86,-86,,,,,-88,-88
11,Lab. de telecomunicações,,,,,,,,,,-89,-90,-73,-76,,,,,-88,-86,,,,,-79,-79,,,,-88,,
12,Lab. de telecomunicações,,,,,,,,,,-89,-89,-73,-73,,,,,-86,-87,,,,,-82,-82,,,,,,
13,Lab. de telecomunicações,,,,,,,,,,-89,-89,-71,-71,,,,,-85,-86,,,,,-84,-83,,,,-90,-89,-90
14,Lab. de telecomunicações,,,,,,,,,,-90,-91,-74,-74,,,,,-85,-86,,,,,-82,-82,,,,,-88,-87
15,Lab. de telecomunicações,,,,,,,,,,,-91,-74,-75,,,,,-85,-85,,,,,-85,-84,,,,,-89,-90
16,Coordenação de Eng. Elétrica,,,,,,,,,,,,,,,,-62,-62,,,,,-82,-83,-88,-89,-82,-82,,,,
17,Coordenação de Eng. Elétrica,,,,,,,,,,,,,,,,-62,-62,,,,,-85,-85,-88,-87,-81,-81,,,,
18,Coordenação de Eng. Elétrica,,,,,,,,,,,,,,,,-65,-65,,,,,-88,,-89,,-87,-87,,,,
19,Coordenação de Eng. Elétrica,,,,,,,,,,,,,,,,-61,-61,,,,,-85,-84,-86,-86,,-80,,,,
20,Coordenação de Eng. Elétrica,,,,,,,,,,,,,,,,-64,-64,,,,,,,-89,-89,-86,-87,,,,
21,Sala dos professores,,,,,,,,,,,,-83,-85,,,-87,-87,,,,,,,-60,-60,,,,,,
22,Sala dos professores,,,,,,,,,,,,-83,-82,,,-87,-88,,,,,,,-62,-62,,,,,-86,
23,Sala dos professores,,,,,,-88,,,,,,-82,-82,,,-88,-88,-85,-89,,,,,-63,-63,,,,,-85,-85
24,Sala dos professores,,,,,,-89,-90,,,,,-82,-83,,,-87,-87,-88,-90,,,,,-63,-63,,,,,-85,-84
25,Sala dos professores,,,,,,-87,,,,,,-82,-84,,,,,,,,,,,-63,-63,,,,,-85,-85
26,PET Eng. Elétrica,,,,,,,,,,-89,,-84,-85,,,-80,-80,,,,,-85,-84,-77,-77,,,,,-89,-88
27,PET Eng. Elétrica,,,,,,,,,,,-91,-82,-83,,,-79,-79,,-91,,,-85,-84,-79,-79,,,-88,-89,-87,-89
28,PET Eng. Elétrica,,,,,,,,,,,,-83,-83,,,-80,-79,-89,-89,,,-84,-83,-79,-80,,,,,-88,-89
29,PET Eng. Elétrica,,,,,,,,,,,,-83,-85,,,-80,-81,-88,,,,-85,-83,-78,-77,,,,,-87,-88
30,PET Eng. Elétrica,,,,,,,,,,,,-86,-88,,,-82,-81,,,,,-86,-86,-75,-77,,,,-88,-87,-88
31,Lab. de medidas em telecomunicações,,,-77,-76,,,,-88,-86,,,,,,-90,,,-66,-66,,,,,,,,,,,-74,-75
32,Lab. de medidas em telecomunicações,,,-78,-77,,,,-89,-89,,,,,,-90,,,-65,-65,,,,,,,,,,,-78,-78
33,Lab. de medidas em telecomunicações,,,-78,-78,,,,-86,-86,,,,,,,,,-65,-65,,,,,,,,,,,-77,-77
34,Lab. de medidas em telecomunicações,,,-76,-76,,,,-85,-85,,,,,,,,,-65,-64,,,,,,,,,,,-76,-77
35,Lab. de medidas em telecomunicações,,,-77,-77,,,,-85,-86,,,,,,-92,,,-65,-65,,,,,,,,,,,-77,-77
36,Lab. de aferição e calibração,,,-87,-86,,,,-82,-82,,,,,,,,,-59,-59,,,-88,-88,,,,,,,-73,-74
37,Lab. de aferição e calibração,,,-86,-86,,,,-83,-84,,,,,,,,,-59,-59,,,-88,-88,,,,,,,-74,-74
38,Lab. de aferição e calibração,,,-84,-82,,,,-83,-84,,,,,,,,,-58,-58,,,-89,-89,,,,,,,-73,-73
39,Lab. de aferição e calibração,,,-84,-82,,,,-86,-87,,,,,,,,,-58,-58,,,-89,-87,,,,,,,-73,-73
40,Lab. de aferição e calibração,,,-84,-84,,,,-89,-87,,,,,,,,,-59,-60,,,-89,-90,,,,,,,-75,-76
41,Lab. de Instrumentação biomédica,,,-85,-85,,,,-84,-84,,,,,-82,-82,,,-70,-71,,,-85,-86,,,,,,,-81,-82
42,Lab. de Instrumentação biomédica,,,-84,-82,,,,-84,-83,,,,,-86,-86,,,-71,-71,,,-83,-83,,,,,,,-81,-82
43,Lab. de Instrumentação biomédica,,,-85,-85,,,,-85,-86,,,,,-90,-89,,,-71,-71,,,-79,-80,,,,,,,-87,-86
44,Lab. de Instrumentação biomédica,,,-85,-84,,,,-85,-85,,,,,-88,-88,,,-73,-73,,,-81,-81,,,,,,,-86,-88
45,Lab. de Instrumentação biomédica,,,-84,-84,,,,-84,-82,,,,,-81,-81,,,-77,-75,,,-88,-89,,,,,,,-80,-81
46,Auditório de Eng. Elétrica,,-91,,,,,,-82,-83,,,,,-74,-74,-93,-93,-85,-85,-88,-87,-71,-70,,,,,,,-89,-91
47,Auditório de Eng. Elétrica,-90,-90,,,,,,-86,-87,,,,,-76,-75,,-91,-84,-84,-88,-88,-70,-70,,,,,,,-90,-92
48,Auditório de Eng. Elétrica,-90,,,,,,,-86,-87,,,,,-75,-75,,,-87,-87,-85,-85,-69,-69,,,,,,,-88,-88
49,Auditório de Eng. Elétrica,-89,-90,,,,,,-82,-83,,,,,-74,-74,,,-86,-86,-85,-86,-70,-71,,,,,,,-87,-87
50,Auditório de Eng. Elétrica,,,,,,,,-85,-85,,,,,-73,-73,,,-85,-85,-86,-86,-69,-69,,,,,,,-86,-87
51,Coordenação de pós em Eng. Elétrica,,,-83,-83,,,,,,,,,,,,,,,,-80,-82,,,,,,,,,-77,-76
52,Coordenação de pós em Eng. Elétrica,,,-84,-84,,,,,,,,,,,,,,,,-83,-83,,,,,,,,,-75,-74
53,Coordenação de pós em Eng. Elétrica,,,-82,-82,,,,,,,,,,,,,,,,-83,-82,,,,,,,,,-74,-74
54,Coordenação de pós em Eng. Elétrica,,,-83,-83,,,,,,,,,,,,,,,,-82,-82,,,,,,,,,-73,-74
55,Coordenação de pós em Eng. Elétrica,,,-84,-84,,,,,,,,,,,,,,,,-83,-83,,,,,,,,,-74,-74
56,Lab. de redes convergentes,,,-79,-80,,,,,,,,,,,,,,-88,-89,-89,-92,,,,,,,,,-58,-58
57,Lab. de redes convergentes,,,-79,-79,,,,,,,,,,,,,,-82,-82,,,,,,,,,,,-62,-62
58,Lab. de redes convergentes,,,-80,-81,,,,,,,,,,,,,,-82,-81,,,,,,,,,,,-62,-62
59,Lab. de redes convergentes,,,-81,-82,,,,,,,,,,,,,,-86,-85,-91,,,,,,,,,,-62,-62
60,Lab. de redes convergentes,,,-88,-87,,,,,,,,,,,,,,-85,-85,-89,,,,,,,,,,-61,-61
61,Lab. de fibras ópticas,,,-87,-87,,,,,,,,,,,,,,-85,-86,-81,-81,,,,,,,,,-67,-67
62,Lab. de fibras ópticas,,,-84,-83,,,,,,,,,,,,,,-87,-88,-83,-83,,,,,,,,,-71,-71
63,Lab. de fibras ópticas,,,-80,-80,,,,,,,,,,-93,,,,-84,-83,-82,-82,,,,,,,,,-65,-66
64,Lab. de fibras ópticas,,,-81,-81,,,,,,,,,,-90,-90,,,-83,-83,-85,-85,,,,,,,,,-66,-66
65,Lab. de fibras ópticas,,,-83,-83,,,,-91,-89,,,,,,,,,-85,-85,-86,-88,,,,,,,,,-66,-67
66,Pesquisa em Eng. Elétrica,,,,,,,,,,,,,,-89,-90,,,-88,-87,-82,-83,,-90,,,,,,,-86,-86
67,Pesquisa em Eng. Elétrica,,,,,,,,,,,,,,-88,-88,,,-86,-85,-82,-83,-86,-87,,,,,,,-82,-81
68,Pesquisa em Eng. Elétrica,,,,,,,,,,,,,,-89,-86,,,,-87,-81,-82,-87,-91,,,,,,,-81,-81
69,Pesquisa em Eng. Elétrica,,,,,,,,,,,,,,-89,-88,,,-86,-87,-81,-81,-88,-87,,,,,,,-83,-82
70,Pesquisa em Eng. Elétrica,,,,,,,,,,,,,,-88,-88,,,-87,-84,-81,-80,-87,-87,,,,,,,-84,-83
71,Práticas didáticas,,,,,,,,,,,,,,-87,-87,,,,,-76,-76,-82,-82,,,,,,,-89,-88
72,Práticas didáticas,,,,,,,,,,,,,,-86,-86,,,,,-77,-77,-81,-80,,,,,,,-87,-88
73,Práticas didáticas,,,,,,,,,,,,,,-85,-86,,,,,-76,-76,-82,-81,,,,,,,-87,-87
74,Práticas didáticas,,,,,,,,,,,,,,-84,-83,,,,,-81,-81,-84,-83,,,,,,,-88,-87
75,Práticas didáticas,,,,-90,,,,,,,,,,-85,-85,,,,,-82,-81,-83,-82,,,,,,,,