num,ambiente,24:36:da:2b:5e:c0,24:36:da:2b:5e:c2,24:36:da:2b:bc:00,24:36:da:2b:bc:02,24:36:da:a2:7f:40,24:36:da:a2:7f:42,2c:57:41:cd:e1:c0,2c:57:41:cd:e1:c2,2c:57:41:d4:69:c0,2c:57:41:d4:69:c2,2c:57:41:d4:a5:20,2c:57:41:d4:a5:22,84:f1:47:54:6b:80,84:f1:47:54:6b:82,84:f1:47:54:71:00,84:f1:47:54:71:02,84:f1:47:54:7f:20,84:f1:47:54:7f:22,84:f1:47:54:7f:60,84:f1:47:54:7f:62,84:f1:47:54:80:60,84:f1:47:54:80:62,84:f1:47:54:81:00,84:f1:47:54:81:02,84:f1:47:54:8b:a0,84:f1:47:54:8b:a2,84:f1:47:54:95:e0,84:f1:47:54:95:e2,84:f1:47:54:96:e0,84:f1:47:54:96:e2,84:f1:47:54:eb:20,84:f1:47:54:eb:22,84:f1:47:54:f9:80,84:f1:47:54:f9:82,84:f1:47:54:fd:60,84:f1:47:54:fd:62,84:f1:47:54:fd:c0,84:f1:47:54:fd:c2,b8:11:4b:1d:12:00,b8:11:4b:1d:12:02,b8:11:4b:1d:14:80,b8:11:4b:1d:14:82,b8:11:4b:1d:1e:40,b8:11:4b:1d:1e:42,e4:4e:2d:85:4c:60,e4:4e:2d:85:4c:62
1,Lab. Informática 09,-100.0,-100.0,-100.0,-100.0,-100.0,-100.0,-100.0,-100.0,-89.0,-89.0,-100.0,-100.0,-100.0,-100.0,-100.0,-100.0,-67.0,-68.0,-100.0,-100.0,-100.0,-100.0,-100.0,-100.0,-100.0,-100.0,-100.0,-100.0,-100.0,-100.0,-100.0,-100.0,-100.0,-100.0,-100.0,-100.0,-85.0,-85.0,-100.0,-100.0,-100.0,-100.0,-88.0,-87.0,-83.0,-83.0
2,Lab. Informática 09,-100.0,-100.0,-100.0,-100.0,-100.0,-100.0,-100.0,-100.0,-88.0,-100.0,-100.0,-100.0,-100.0,-100.0,-100.0,-100.0,-65.0,-64.0,-100.0,-100.0,-100.0,-100.0,-100.0,-100.0,-100.0,-100.0,-100.0,-100.0,-100.0,-82.0,-100.0,-100.0,-100.0,-100.0,-100.0,-100.0,-100.0,-85.0,-100.0,-100.0,-100.0,-100.0,-75.0,-74.0,-82.0,-81.0
3,Lab. Informática 09,-100.0,-100.0,-100.0,-100.0,-100.0,-100.0,-100.0,-100.0,-88.0,-87.0,-100.0,-100.0,-100.0,-100.0,-100.0,-100.0,-60.0,-60.0,-100.0,-100.0,-100.0,-100.0,-100.0,-100.0,-100.0,-100.0,-100.0,-100.0,-82.0,-100.0,-100.0,-100.0,-100.0,-100.0,-100.0,-100.0,-100.0,-86.0,-100.0,-100.0,-100.0,-100.0,-75.0,-76.0,-81.0,-80.0
4,Lab. Informática 09,-100.0,-100.0,-100.0,-100.0,-100.0,-100.0,-100.0,-100.0,-87.0,-100.0,-100.0,-100.0,-100.0,-100.0,-100.0,-88.0,-63.0,-63.0,-100.0,-100.0,-100.0,-100.0,-100.0,-100.0,-100.0,-100.0,-100.0,-100.0,-100.0,-100.0,-100.0,-100.0,-90.0,-89.0,-100.0,-100.0,-82.0,-82.0,-100.0,-100.0,-100.0,-100.0,-79.0,-79.0,-81.0,-81.0
5,Lab. Informática 09,-100.0,-100.0,-100.0,-100.0,-100.0,-100.0,-100.0,-100.0,-87.0,-100.0,-100.0,-100.0,-100.0,-100.0,-100.0,-89.0,-65.0,-65.0,-100.0,-100.0,-100.0,-100.0,-100.0,-100.0,-100.0,-100.0,-100.0,-100.0,-82.0,-84.0,-100.0,-100.0,-100.0,-100.0,-100.0,-100.0,-82.0,-81.0,-100.0,-100.0,-100.0,-100.0,-79.0,-79.0,-82.0,-82.0
6,Lab. de Telecomunicações,-100.0,-100.0,-100.0,-100.0,-100.0,-100.0,-100.0,-100.0,-100.0,-100.0,-100.0,-100.0,-100.0,-100.0,-100.0,-88.0,-78.0,-77.0,-100.0,-100.0,-100.0,-100.0,-100.0,-100.0,-100.0,-100.0,-90.0,-91.0,-67.0,-67.0,-100.0,-100.0,-100.0,-100.0,-100.0,-100.0,-83.0,-82.0,-100.0,-100.0,-100.0,-100.0,-86.0,-86.0,-78.0,-78.0
7,Lab. de Telecomunicações,-100.0,-100.0,-100.0,-100.0,-100.0,-100.0,-100.0,-100.0,-100.0,-100.0,-100.0,-100.0,-100.0,-100.0,-100.0,-100.0,-76.0,-76.0,-100.0,-100.0,-100.0,-100.0,-100.0,-100.0,-100.0,-100.0,-100.0,-100.0,-70.0,-70.0,-100.0,-100.0,-100.0,-100.0,-100.0,-100.0,-86.0,-85.0,-100.0,-100.0,-100.0,-100.0,-84.0,-83.0,-81.0,-80.0
8,Lab. de Telecomunicações,-100.0,-100.0,-100.0,-100.0,-100.0,-100.0,-100.0,-100.0,-100.0,-100.0,-100.0,-100.0,-100.0,-100.0,-89.0,-90.0,-76.0,-75.0,-100.0,-100.0,-100.0,-100.0,-100.0,-100.0,-100.0,-100.0,-89.0,-90.0,-69.0,-69.0,-100.0,-100.0,-86.0,-87.0,-100.0,-100.0,-83.0,-82.0,-100.0,-100.0,-100.0,-100.0,-82.0,-100.0,-78.0,-78.0
9,Lab. de Telecomunicações,-100.0,-100.0,-100.0,-100.0,-100.0,-100.0,-100.0,-100.0,-100.0,-100.0,-100.0,-100.0,-100.0,-100.0,-100.0,-100.0,-77.0,-76.0,-100.0,-100.0,-100.0,-100.0,-100.0,-100.0,-100.0,-100.0,-100.0,-100.0,-68.0,-69.0,-100.0,-100.0,-85.0,-85.0,-100.0,-100.0,-83.0,-83.0,-100.0,-100.0,-100.0,-100.0,-83.0,-83.0,-82.0,-82.0
10,Lab. de Telecomunicações,-100.0,-100.0,-100.0,-100.0,-100.0,-100.0,-100.0,-100.0,-100.0,-100.0,-100.0,-100.0,-100.0,-100.0,-100.0,-100.0,-74.0,-72.0,-100.0,-100.0,-100.0,-100.0,-100.0,-100.0,-100.0,-100.0,-100.0,-100.0,-72.0,-72.0,-100.0,-100.0,-88.0,-86.0,-100.0,-100.0,-83.0,-83.0,-100.0,-100.0,-100.0,-100.0,-83.0,-100.0,-83.0,-84.0
11,Lab. de Telecomunicações,-100.0,-100.0,-100.0,-100.0,-100.0,-100.0,-100.0,-100.0,-100.0,-100.0,-100.0,-100.0,-100.0,-100.0,-84.0,-83.0,-77.0,-76.0,-100.0,-100.0,-100.0,-100.0,-100.0,-100.0,-100.0,-100.0,-88.0,-88.0,-71.0,-70.0,-100.0,-100.0,-100.0,-90.0,-100.0,-100.0,-79.0,-79.0,-100.0,-100.0,-100.0,-100.0,-83.0,-82.0,-88.0,-87.0
12,Lab. de Telecomunicações,-100.0,-100.0,-100.0,-100.0,-100.0,-100.0,-100.0,-100.0,-100.0,-100.0,-100.0,-100.0,-100.0,-100.0,-87.0,-86.0,-75.0,-75.0,-100.0,-100.0,-100.0,-100.0,-100.0,-100.0,-100.0,-100.0,-91.0,-90.0,-73.0,-75.0,-100.0,-100.0,-100.0,-100.0,-100.0,-100.0,-79.0,-79.0,-100.0,-100.0,-100.0,-100.0,-79.0,-79.0,-87.0,-86.0
13,Lab. de Telecomunicações,-100.0,-100.0,-100.0,-100.0,-100.0,-100.0,-100.0,-100.0,-100.0,-100.0,-100.0,-100.0,-100.0,-100.0,-85.0,-85.0,-70.0,-70.0,-100.0,-100.0,-100.0,-100.0,-100.0,-100.0,-100.0,-100.0,-86.0,-85.0,-77.0,-75.0,-100.0,-100.0,-100.0,-90.0,-100.0,-100.0,-77.0,-77.0,-100.0,-100.0,-100.0,-100.0,-78.0,-77.0,-82.0,-82.0
14,Lab. de Telecomunicações,-100.0,-100.0,-100.0,-100.0,-100.0,-100.0,-100.0,-100.0,-100.0,-100.0,-100.0,-100.0,-100.0,-100.0,-86.0,-87.0,-71.0,-71.0,-100.0,-100.0,-100.0,-100.0,-100.0,-100.0,-100.0,-100.0,-88.0,-88.0,-72.0,-72.0,-100.0,-100.0,-100.0,-100.0,-100.0,-100.0,-76.0,-76.0,-100.0,-100.0,-100.0,-100.0,-82.0,-84.0,-85.0,-85.0
15,Lab. de Telecomunicações,-100.0,-100.0,-100.0,-100.0,-100.0,-100.0,-100.0,-100.0,-100.0,-100.0,-100.0,-100.0,-100.0,-100.0,-84.0,-85.0,-69.0,-70.0,-100.0,-100.0,-100.0,-100.0,-100.0,-100.0,-100.0,-100.0,-89.0,-100.0,-71.0,-72.0,-100.0,-100.0,-89.0,-89.0,-100.0,-100.0,-75.0,-75.0,-100.0,-100.0,-100.0,-100.0,-85.0,-86.0,-83.0,-83.0
16,PET Eng. Elétrica,-100.0,-100.0,-100.0,-100.0,-100.0,-100.0,-100.0,-100.0,-100.0,-100.0,-100.0,-100.0,-100.0,-100.0,-100.0,-100.0,-85.0,-86.0,-100.0,-100.0,-100.0,-100.0,-100.0,-100.0,-100.0,-100.0,-79.0,-78.0,-77.0,-77.0,-100.0,-100.0,-78.0,-78.0,-100.0,-100.0,-77.0,-78.0,-100.0,-100.0,-100.0,-100.0,-84.0,-83.0,-85.0,-83.0
17,PET Eng. Elétrica,-100.0,-100.0,-100.0,-100.0,-100.0,-100.0,-100.0,-100.0,-100.0,-100.0,-100.0,-100.0,-100.0,-100.0,-88.0,-100.0,-83.0,-84.0,-100.0,-100.0,-100.0,-100.0,-100.0,-100.0,-100.0,-100.0,-79.0,-79.0,-74.0,-74.0,-100.0,-100.0,-81.0,-80.0,-100.0,-100.0,-74.0,-73.0,-100.0,-100.0,-100.0,-100.0,-85.0,-83.0,-85.0,-85.0
18,PET Eng. Elétrica,-100.0,-100.0,-100.0,-100.0,-100.0,-100.0,-100.0,-100.0,-100.0,-100.0,-100.0,-100.0,-100.0,-100.0,-100.0,-88.0,-84.0,-83.0,-100.0,-100.0,-100.0,-100.0,-100.0,-100.0,-100.0,-100.0,-79.0,-78.0,-75.0,-74.0,-100.0,-100.0,-83.0,-82.0,-100.0,-100.0,-73.0,-73.0,-100.0,-100.0,-100.0,-100.0,-83.0,-84.0,-84.0,-84.0
19,PET Eng. Elétrica,-100.0,-100.0,-100.0,-100.0,-100.0,-100.0,-100.0,-100.0,-100.0,-100.0,-100.0,-100.0,-100.0,-100.0,-90.0,-89.0,-84.0,-84.0,-100.0,-100.0,-100.0,-100.0,-100.0,-100.0,-100.0,-100.0,-78.0,-78.0,-75.0,-76.0,-100.0,-100.0,-77.0,-77.0,-100.0,-100.0,-74.0,-74.0,-100.0,-100.0,-85.0,-85.0,-86.0,-86.0,-84.0,-84.0
20,PET Eng. Elétrica,-100.0,-100.0,-100.0,-100.0,-100.0,-100.0,-100.0,-100.0,-100.0,-100.0,-100.0,-100.0,-100.0,-100.0,-100.0,-100.0,-86.0,-86.0,-100.0,-100.0,-100.0,-100.0,-100.0,-100.0,-100.0,-100.0,-79.0,-81.0,-75.0,-75.0,-100.0,-100.0,-78.0,-77.0,-100.0,-100.0,-74.0,-74.0,-100.0,-100.0,-100.0,-100.0,-82.0,-82.0,-85.0,-85.0
21,Coordenação de Eng. Elétrica,-85.0,-84.0,-100.0,-100.0,-100.0,-100.0,-100.0,-100.0,-100.0,-100.0,-100.0,-100.0,-100.0,-100.0,-100.0,-100.0,-100.0,-100.0,-100.0,-100.0,-100.0,-100.0,-100.0,-100.0,-100.0,-100.0,-66.0,-66.0,-100.0,-100.0,-100.0,-100.0,-75.0,-75.0,-100.0,-100.0,-88.0,-89.0,-100.0,-100.0,-80.0,-80.0,-100.0,-88.0,-100.0,-100.0
22,Coordenação de Eng. Elétrica,-100.0,-100.0,-100.0,-100.0,-100.0,-100.0,-100.0,-100.0,-100.0,-100.0,-100.0,-100.0,-100.0,-100.0,-100.0,-100.0,-100.0,-100.0,-100.0,-100.0,-100.0,-100.0,-100.0,-100.0,-100.0,-100.0,-67.0,-66.0,-100.0,-100.0,-100.0,-100.0,-77.0,-78.0,-100.0,-100.0,-89.0,-89.0,-100.0,-100.0,-81.0,-81.0,-100.0,-88.0,-100.0,-100.0
23,Coordenação de Eng. Elétrica,-100.0,-100.0,-100.0,-100.0,-100.0,-100.0,-100.0,-100.0,-100.0,-100.0,-100.0,-100.0,-100.0,-100.0,-100.0,-100.0,-100.0,-100.0,-100.0,-100.0,-100.0,-100.0,-100.0,-100.0,-100.0,-100.0,-69.0,-69.0,-100.0,-100.0,-100.0,-100.0,-78.0,-78.0,-100.0,-100.0,-90.0,-89.0,-100.0,-100.0,-78.0,-79.0,-100.0,-90.0,-100.0,-100.0
24,Coordenação de Eng. Elétrica,-100.0,-90.0,-100.0,-100.0,-100.0,-100.0,-100.0,-100.0,-100.0,-100.0,-100.0,-100.0,-100.0,-100.0,-100.0,-100.0,-100.0,-100.0,-100.0,-100.0,-100.0,-100.0,-100.0,-100.0,-100.0,-100.0,-64.0,-63.0,-100.0,-100.0,-100.0,-100.0,-78.0,-78.0,-100.0,-100.0,-86.0,-87.0,-100.0,-100.0,-78.0,-78.0,-87.0,-88.0,-100.0,-100.0
25,Coordenação de Eng. Elétrica,-100.0,-100.0,-100.0,-100.0,-100.0,-100.0,-100.0,-100.0,-100.0,-100.0,-100.0,-100.0,-100.0,-100.0,-100.0,-100.0,-100.0,-100.0,-100.0,-100.0,-100.0,-100.0,-100.0,-100.0,-100.0,-100.0,-64.0,-64.0,-100.0,-100.0,-100.0,-100.0,-78.0,-78.0,-100.0,-100.0,-100.0,-100.0,-100.0,-100.0,-77.0,-78.0,-86.0,-87.0,-100.0,-100.0
26,Auditório de Eng. Elétrica,-85.0,-85.0,-100.0,-100.0,-100.0,-100.0,-100.0,-100.0,-100.0,-100.0,-100.0,-100.0,-78.0,-78.0,-100.0,-100.0,-100.0,-100.0,-100.0,-100.0,-100.0,-100.0,-100.0,-100.0,-82.0,-82.0,-88.0,-100.0,-79.0,-79.0,-87.0,-87.0,-71.0,-70.0,-100.0,-100.0,-100.0,-100.0,-100.0,-100.0,-100.0,-100.0,-100.0,-100.0,-90.0,-89.0
27,Auditório de Eng. Elétrica,-84.0,-83.0,-100.0,-100.0,-100.0,-100.0,-100.0,-100.0,-100.0,-100.0,-100.0,-100.0,-84.0,-83.0,-100.0,-100.0,-100.0,-100.0,-100.0,-100.0,-100.0,-100.0,-100.0,-100.0,-79.0,-80.0,-100.0,-100.0,-80.0,-79.0,-100.0,-100.0,-72.0,-72.0,-100.0,-100.0,-100.0,-100.0,-100.0,-100.0,-100.0,-100.0,-100.0,-100.0,-100.0,-92.0
28,Auditório de Eng. Elétrica,-84.0,-83.0,-87.0,-88.0,-100.0,-100.0,-100.0,-100.0,-100.0,-100.0,-100.0,-100.0,-77.0,-76.0,-100.0,-100.0,-100.0,-100.0,-100.0,-100.0,-100.0,-100.0,-100.0,-100.0,-76.0,-76.0,-100.0,-100.0,-79.0,-78.0,-100.0,-100.0,-70.0,-70.0,-100.0,-100.0,-100.0,-100.0,-100.0,-100.0,-100.0,-100.0,-100.0,-100.0,-100.0,-90.0
29,Auditório de Eng. Elétrica,-83.0,-83.0,-100.0,-100.0,-100.0,-100.0,-100.0,-100.0,-100.0,-100.0,-100.0,-100.0,-73.0,-73.0,-100.0,-100.0,-100.0,-100.0,-100.0,-100.0,-100.0,-100.0,-100.0,-100.0,-75.0,-77.0,-100.0,-100.0,-79.0,-79.0,-100.0,-87.0,-73.0,-73.0,-100.0,-100.0,-100.0,-100.0,-100.0,-100.0,-100.0,-100.0,-100.0,-100.0,-91.0,-89.0
30,Auditório de Eng. Elétrica,-83.0,-82.0,-100.0,-100.0,-100.0,-100.0,-100.0,-100.0,-100.0,-100.0,-100.0,-100.0,-80.0,-80.0,-100.0,-100.0,-100.0,-100.0,-100.0,-100.0,-100.0,-100.0,-100.0,-100.0,-80.0,-80.0,-100.0,-100.0,-79.0,-79.0,-87.0,-87.0,-70.0,-70.0,-100.0,-100.0,-100.0,-100.0,-100.0,-100.0,-100.0,-100.0,-100.0,-100.0,-100.0,-100.0
31,Lab. de Instrumentação biomédica,-88.0,-87.0,-88.0,-88.0,-100.0,-100.0,-100.0,-100.0,-100.0,-100.0,-100.0,-100.0,-79.0,-78.0,-100.0,-100.0,-100.0,-100.0,-100.0,-100.0,-100.0,-100.0,-100.0,-100.0,-78.0,-79.0,-100.0,-100.0,-68.0,-68.0,-100.0,-100.0,-83.0,-83.0,-100.0,-100.0,-100.0,-100.0,-100.0,-100.0,-100.0,-100.0,-100.0,-100.0,-82.0,-82.0
32,Lab. de Instrumentação biomédica,-89.0,-90.0,-86.0,-87.0,-100.0,-100.0,-100.0,-100.0,-100.0,-100.0,-100.0,-100.0,-81.0,-81.0,-100.0,-100.0,-100.0,-100.0,-100.0,-100.0,-100.0,-100.0,-100.0,-100.0,-81.0,-80.0,-100.0,-100.0,-69.0,-69.0,-100.0,-100.0,-83.0,-82.0,-100.0,-100.0,-100.0,-100.0,-100.0,-100.0,-100.0,-100.0,-100.0,-100.0,-79.0,-79.0
33,Lab. de Instrumentação biomédica,-84.0,-87.0,-82.0,-82.0,-100.0,-100.0,-100.0,-100.0,-100.0,-100.0,-100.0,-100.0,-82.0,-83.0,-100.0,-100.0,-100.0,-100.0,-100.0,-100.0,-100.0,-100.0,-100.0,-100.0,-81.0,-81.0,-100.0,-100.0,-68.0,-69.0,-100.0,-100.0,-100.0,-100.0,-100.0,-100.0,-100.0,-100.0,-100.0,-100.0,-100.0,-100.0,-100.0,-100.0,-81.0,-81.0
34,Lab. de Instrumentação biomédica,-85.0,-85.0,-82.0,-83.0,-100.0,-100.0,-100.0,-100.0,-100.0,-100.0,-100.0,-100.0,-80.0,-80.0,-100.0,-100.0,-100.0,-100.0,-100.0,-100.0,-100.0,-100.0,-100.0,-100.0,-80.0,-80.0,-100.0,-100.0,-68.0,-69.0,-100.0,-100.0,-82.0,-80.0,-100.0,-100.0,-100.0,-100.0,-100.0,-100.0,-100.0,-100.0,-100.0,-100.0,-80.0,-81.0
35,Lab. de Instrumentação biomédica,-87.0,-86.0,-80.0,-81.0,-100.0,-100.0,-100.0,-100.0,-100.0,-100.0,-100.0,-100.0,-81.0,-81.0,-100.0,-100.0,-100.0,-100.0,-100.0,-100.0,-100.0,-100.0,-100.0,-100.0,-81.0,-81.0,-100.0,-100.0,-68.0,-68.0,-100.0,-100.0,-83.0,-82.0,-100.0,-100.0,-100.0,-100.0,-100.0,-100.0,-100.0,-100.0,-100.0,-100.0,-87.0,-85.0
36,Lab. de Medição e Calibração,-86.0,-85.0,-77.0,-78.0,-100.0,-100.0,-100.0,-100.0,-100.0,-100.0,-100.0,-100.0,-83.0,-82.0,-100.0,-100.0,-100.0,-100.0,-100.0,-100.0,-100.0,-100.0,-100.0,-100.0,-100.0,-100.0,-100.0,-100.0,-61.0,-61.0,-100.0,-100.0,-100.0,-100.0,-100.0,-100.0,-100.0,-100.0,-100.0,-100.0,-100.0,-100.0,-100.0,-100.0,-78.0,-78.0
37,Lab. de Medição e Calibração,-87.0,-88.0,-78.0,-78.0,-100.0,-100.0,-100.0,-100.0,-100.0,-100.0,-100.0,-100.0,-84.0,-84.0,-100.0,-100.0,-100.0,-100.0,-100.0,-100.0,-100.0,-100.0,-100.0,-100.0,-100.0,-88.0,-100.0,-100.0,-52.0,-53.0,-100.0,-100.0,-100.0,-90.0,-100.0,-100.0,-100.0,-100.0,-100.0,-100.0,-100.0,-100.0,-100.0,-100.0,-77.0,-76.0
38,Lab. de Medição e Calibração,-88.0,-88.0,-78.0,-77.0,-100.0,-100.0,-100.0,-100.0,-100.0,-100.0,-100.0,-100.0,-86.0,-85.0,-100.0,-100.0,-100.0,-100.0,-100.0,-100.0,-100.0,-100.0,-100.0,-100.0,-87.0,-100.0,-100.0,-100.0,-58.0,-58.0,-100.0,-100.0,-100.0,-100.0,-100.0,-100.0,-100.0,-100.0,-100.0,-100.0,-100.0,-100.0,-100.0,-100.0,-77.0,-77.0
39,Lab. de Medição e Calibração,-82.0,-83.0,-79.0,-79.0,-100.0,-100.0,-100.0,-100.0,-100.0,-100.0,-100.0,-100.0,-87.0,-86.0,-100.0,-100.0,-100.0,-100.0,-100.0,-100.0,-100.0,-100.0,-100.0,-100.0,-100.0,-100.0,-100.0,-100.0,-61.0,-61.0,-100.0,-100.0,-100.0,-100.0,-100.0,-100.0,-100.0,-100.0,-100.0,-100.0,-100.0,-100.0,-100.0,-100.0,-78.0,-77.0
40,Lab. de Medição e Calibração,-82.0,-83.0,-78.0,-78.0,-100.0,-100.0,-100.0,-100.0,-100.0,-100.0,-100.0,-100.0,-86.0,-86.0,-100.0,-100.0,-100.0,-100.0,-100.0,-100.0,-100.0,-100.0,-100.0,-100.0,-100.0,-89.0,-100.0,-100.0,-59.0,-59.0,-100.0,-100.0,-100.0,-100.0,-100.0,-100.0,-100.0,-100.0,-100.0,-100.0,-100.0,-100.0,-100.0,-100.0,-77.0,-78.0
41,Lab. de Medição e Calibração,-86.0,-87.0,-74.0,-74.0,-100.0,-100.0,-100.0,-100.0,-100.0,-100.0,-100.0,-100.0,-100.0,-100.0,-100.0,-100.0,-100.0,-100.0,-100.0,-100.0,-100.0,-100.0,-100.0,-100.0,-100.0,-100.0,-100.0,-100.0,-72.0,-72.0,-100.0,-100.0,-100.0,-100.0,-100.0,-100.0,-100.0,-100.0,-100.0,-100.0,-100.0,-100.0,-100.0,-100.0,-71.0,-71.0
42,Lab. de Medição e Calibração,-84.0,-83.0,-74.0,-74.0,-100.0,-100.0,-100.0,-100.0,-100.0,-100.0,-100.0,-100.0,-100.0,-100.0,-100.0,-100.0,-100.0,-100.0,-85.0,-86.0,-100.0,-100.0,-100.0,-100.0,-100.0,-100.0,-100.0,-100.0,-73.0,-72.0,-100.0,-100.0,-100.0,-100.0,-100.0,-100.0,-100.0,-100.0,-100.0,-100.0,-100.0,-100.0,-100.0,-100.0,-69.0,-69.0
43,Lab. de Medição e Calibração,-84.0,-83.0,-73.0,-74.0,-100.0,-100.0,-100.0,-100.0,-100.0,-100.0,-100.0,-100.0,-89.0,-88.0,-100.0,-100.0,-100.0,-100.0,-100.0,-100.0,-100.0,-100.0,-100.0,-100.0,-100.0,-100.0,-100.0,-100.0,-73.0,-73.0,-100.0,-100.0,-100.0,-100.0,-100.0,-100.0,-100.0,-100.0,-100.0,-100.0,-100.0,-100.0,-100.0,-100.0,-71.0,-71.0
44,Lab. de Medição e Calibração,-86.0,-86.0,-75.0,-74.0,-100.0,-100.0,-100.0,-100.0,-100.0,-100.0,-100.0,-100.0,-100.0,-100.0,-100.0,-100.0,-100.0,-100.0,-88.0,-86.0,-100.0,-100.0,-100.0,-100.0,-100.0,-89.0,-100.0,-100.0,-71.0,-71.0,-100.0,-100.0,-91.0,-100.0,-100.0,-100.0,-100.0,-100.0,-100.0,-100.0,-100.0,-100.0,-100.0,-100.0,-72.0,-71.0
45,Lab. de Medição e Calibração,-87.0,-86.0,-79.0,-79.0,-100.0,-100.0,-100.0,-100.0,-100.0,-100.0,-100.0,-100.0,-100.0,-89.0,-100.0,-100.0,-100.0,-100.0,-87.0,-100.0,-100.0,-100.0,-100.0,-100.0,-100.0,-100.0,-100.0,-100.0,-75.0,-74.0,-100.0,-100.0,-100.0,-100.0,-100.0,-100.0,-100.0,-100.0,-100.0,-100.0,-100.0,-100.0,-100.0,-100.0,-72.0,-72.0
46,Coordenação de pós em Eng. Elétrica,-100.0,-100.0,-85.0,-85.0,-100.0,-100.0,-100.0,-100.0,-100.0,-100.0,-100.0,-100.0,-100.0,-100.0,-100.0,-100.0,-100.0,-100.0,-100.0,-100.0,-100.0,-100.0,-100.0,-100.0,-100.0,-100.0,-100.0,-100.0,-100.0,-100.0,-88.0,-88.0,-100.0,-100.0,-100.0,-100.0,-100.0,-100.0,-100.0,-100.0,-100.0,-100.0,-100.0,-100.0,-80.0,-79.0
47,Coordenação de pós em Eng. Elétrica,-100.0,-100.0,-85.0,-86.0,-100.0,-100.0,-100.0,-100.0,-100.0,-100.0,-100.0,-100.0,-100.0,-100.0,-100.0,-100.0,-100.0,-100.0,-100.0,-100.0,-100.0,-100.0,-100.0,-100.0,-100.0,-100.0,-100.0,-100.0,-100.0,-100.0,-89.0,-89.0,-100.0,-100.0,-100.0,-100.0,-100.0,-100.0,-100.0,-100.0,-100.0,-100.0,-100.0,-100.0,-78.0,-77.0
48,Coordenação de pós em Eng. Elétrica,-100.0,-100.0,-85.0,-86.0,-100.0,-100.0,-100.0,-100.0,-100.0,-100.0,-100.0,-100.0,-100.0,-100.0,-100.0,-100.0,-100.0,-100.0,-100.0,-100.0,-100.0,-100.0,-100.0,-100.0,-100.0,-100.0,-100.0,-100.0,-100.0,-100.0,-89.0,-90.0,-100.0,-100.0,-100.0,-100.0,-100.0,-100.0,-100.0,-100.0,-100.0,-100.0,-100.0,-100.0,-82.0,-81.0
49,Coordenação de pós em Eng. Elétrica,-100.0,-100.0,-85.0,-84.0,-100.0,-100.0,-100.0,-100.0,-100.0,-100.0,-100.0,-100.0,-100.0,-100.0,-100.0,-100.0,-100.0,-100.0,-100.0,-100.0,-100.0,-100.0,-100.0,-100.0,-100.0,-100.0,-100.0,-100.0,-100.0,-100.0,-86.0,-100.0,-100.0,-100.0,-100.0,-100.0,-100.0,-100.0,-100.0,-100.0,-100.0,-100.0,-100.0,-100.0,-83.0,-83.0
50,Coordenação de pós em Eng. Elétrica,-100.0,-100.0,-83.0,-83.0,-100.0,-100.0,-100.0,-100.0,-100.0,-100.0,-100.0,-100.0,-100.0,-100.0,-100.0,-100.0,-100.0,-100.0,-100.0,-100.0,-100.0,-100.0,-100.0,-100.0,-100.0,-100.0,-100.0,-100.0,-100.0,-100.0,-89.0,-88.0,-100.0,-100.0,-100.0,-100.0,-100.0,-100.0,-100.0,-100.0,-100.0,-100.0,-100.0,-100.0,-78.0,-78.0
51,Lab. de redes convergentes,-100.0,-100.0,-77.0,-77.0,-100.0,-100.0,-100.0,-100.0,-100.0,-100.0,-100.0,-100.0,-100.0,-100.0,-100.0,-100.0,-100.0,-100.0,-100.0,-100.0,-100.0,-100.0,-100.0,-100.0,-100.0,-100.0,-100.0,-100.0,-83.0,-82.0,-100.0,-100.0,-100.0,-100.0,-100.0,-100.0,-100.0,-100.0,-100.0,-100.0,-100.0,-100.0,-100.0,-100.0,-58.0,-58.0
52,Lab. de redes convergentes,-100.0,-100.0,-78.0,-79.0,-100.0,-100.0,-100.0,-100.0,-100.0,-100.0,-100.0,-100.0,-100.0,-100.0,-100.0,-100.0,-100.0,-100.0,-100.0,-100.0,-100.0,-100.0,-100.0,-100.0,-100.0,-100.0,-100.0,-100.0,-81.0,-81.0,-85.0,-86.0,-100.0,-100.0,-100.0,-100.0,-100.0,-100.0,-100.0,-100.0,-100.0,-100.0,-100.0,-100.0,-57.0,-58.0
53,Lab. de redes convergentes,-100.0,-100.0,-77.0,-77.0,-100.0,-100.0,-100.0,-100.0,-100.0,-100.0,-100.0,-100.0,-100.0,-100.0,-100.0,-100.0,-100.0,-100.0,-100.0,-100.0,-100.0,-100.0,-100.0,-100.0,-100.0,-100.0,-100.0,-100.0,-80.0,-80.0,-85.0,-87.0,-100.0,-100.0,-100.0,-100.0,-100.0,-100.0,-100.0,-100.0,-100.0,-100.0,-100.0,-100.0,-58.0,-58.0
54,Lab. de redes convergentes,-100.0,-100.0,-79.0,-78.0,-100.0,-100.0,-100.0,-100.0,-100.0,-100.0,-100.0,-100.0,-100.0,-100.0,-100.0,-100.0,-100.0,-100.0,-100.0,-100.0,-100.0,-100.0,-100.0,-100.0,-100.0,-100.0,-100.0,-100.0,-81.0,-82.0,-100.0,-87.0,-100.0,-100.0,-100.0,-100.0,-100.0,-100.0,-100.0,-100.0,-100.0,-100.0,-100.0,-100.0,-59.0,-59.0
55,Lab. de redes convergentes,-100.0,-100.0,-77.0,-77.0,-100.0,-100.0,-100.0,-100.0,-100.0,-100.0,-100.0,-100.0,-100.0,-100.0,-100.0,-100.0,-100.0,-100.0,-100.0,-100.0,-100.0,-100.0,-100.0,-100.0,-100.0,-100.0,-100.0,-100.0,-83.0,-81.0,-100.0,-100.0,-100.0,-100.0,-100.0,-100.0,-100.0,-100.0,-100.0,-100.0,-100.0,-100.0,-100.0,-100.0,-58.0,-58.0
56,Lab. de fibras ópticas,-100.0,-100.0,-82.0,-82.0,-100.0,-100.0,-100.0,-100.0,-100.0,-100.0,-100.0,-100.0,-100.0,-100.0,-100.0,-100.0,-100.0,-100.0,-100.0,-100.0,-100.0,-100.0,-100.0,-100.0,-100.0,-100.0,-100.0,-100.0,-72.0,-72.0,-81.0,-81.0,-100.0,-100.0,-100.0,-100.0,-100.0,-100.0,-100.0,-100.0,-100.0,-100.0,-100.0,-100.0,-64.0,-63.0
57,Lab. de fibras ópticas,-100.0,-100.0,-100.0,-84.0,-100.0,-100.0,-100.0,-100.0,-100.0,-100.0,-100.0,-100.0,-100.0,-100.0,-100.0,-100.0,-100.0,-100.0,-100.0,-100.0,-100.0,-100.0,-100.0,-100.0,-100.0,-100.0,-100.0,-100.0,-73.0,-72.0,-82.0,-81.0,-100.0,-100.0,-100.0,-100.0,-100.0,-100.0,-100.0,-100.0,-100.0,-100.0,-100.0,-100.0,-61.0,-61.0
58,Lab. de fibras ópticas,-100.0,-100.0,-100.0,-85.0,-100.0,-100.0,-100.0,-100.0,-100.0,-100.0,-100.0,-100.0,-100.0,-100.0,-100.0,-100.0,-100.0,-100.0,-100.0,-100.0,-100.0,-100.0,-100.0,-100.0,-100.0,-100.0,-100.0,-100.0,-72.0,-71.0,-80.0,-80.0,-100.0,-100.0,-100.0,-100.0,-100.0,-100.0,-100.0,-100.0,-100.0,-100.0,-100.0,-100.0,-61.0,-61.0
59,Lab. de fibras ópticas,-100.0,-100.0,-79.0,-79.0,-100.0,-100.0,-100.0,-100.0,-100.0,-100.0,-100.0,-100.0,-100.0,-100.0,-100.0,-100.0,-100.0,-100.0,-100.0,-100.0,-100.0,-100.0,-100.0,-100.0,-87.0,-89.0,-100.0,-100.0,-72.0,-71.0,-83.0,-83.0,-100.0,-100.0,-100.0,-100.0,-100.0,-100.0,-100.0,-100.0,-100.0,-100.0,-100.0,-100.0,-60.0,-60.0
60,Lab. de fibras ópticas,-100.0,-100.0,-77.0,-77.0,-100.0,-100.0,-100.0,-100.0,-100.0,-100.0,-100.0,-100.0,-100.0,-100.0,-100.0,-100.0,-100.0,-100.0,-100.0,-100.0,-100.0,-100.0,-100.0,-100.0,-100.0,-90.0,-100.0,-100.0,-72.0,-72.0,-81.0,-83.0,-100.0,-100.0,-100.0,-100.0,-100.0,-100.0,-100.0,-100.0,-100.0,-100.0,-100.0,-100.0,-61.0,-61.0
61,Pesquisa em Eng. Elétrica,-100.0,-100.0,-100.0,-100.0,-100.0,-100.0,-100.0,-100.0,-100.0,-100.0,-100.0,-100.0,-100.0,-100.0,-100.0,-100.0,-100.0,-100.0,-100.0,-100.0,-100.0,-100.0,-100.0,-100.0,-87.0,-88.0,-100.0,-100.0,-87.0,-86.0,-79.0,-78.0,-87.0,-86.0,-100.0,-100.0,-100.0,-100.0,-100.0,-100.0,-100.0,-100.0,-100.0,-100.0,-78.0,-79.0
62,Pesquisa em Eng. Elétrica,-100.0,-100.0,-100.0,-100.0,-100.0,-100.0,-100.0,-100.0,-100.0,-100.0,-100.0,-100.0,-100.0,-100.0,-100.0,-100.0,-100.0,-100.0,-100.0,-100.0,-100.0,-100.0,-100.0,-100.0,-100.0,-100.0,-100.0,-100.0,-87.0,-87.0,-78.0,-78.0,-86.0,-86.0,-100.0,-100.0,-100.0,-100.0,-100.0,-100.0,-100.0,-100.0,-100.0,-100.0,-83.0,-84.0
63,Pesquisa em Eng. Elétrica,-100.0,-100.0,-100.0,-100.0,-100.0,-100.0,-100.0,-100.0,-100.0,-100.0,-100.0,-100.0,-100.0,-100.0,-100.0,-100.0,-100.0,-100.0,-100.0,-100.0,-100.0,-100.0,-100.0,-100.0,-100.0,-100.0,-100.0,-100.0,-100.0,-100.0,-78.0,-78.0,-85.0,-85.0,-100.0,-100.0,-100.0,-100.0,-100.0,-100.0,-100.0,-100.0,-100.0,-100.0,-84.0,-84.0
64,Pesquisa em Eng. Elétrica,-100.0,-100.0,-100.0,-100.0,-100.0,-100.0,-100.0,-100.0,-100.0,-100.0,-100.0,-100.0,-100.0,-100.0,-100.0,-100.0,-100.0,-100.0,-100.0,-100.0,-100.0,-100.0,-100.0,-100.0,-82.0,-81.0,-100.0,-100.0,-100.0,-100.0,-80.0,-81.0,-85.0,-85.0,-100.0,-100.0,-100.0,-100.0,-100.0,-100.0,-100.0,-100.0,-100.0,-100.0,-77.0,-76.0
65,Pesquisa em Eng. Elétrica,-100.0,-100.0,-86.0,-87.0,-100.0,-100.0,-100.0,-100.0,-100.0,-100.0,-100.0,-100.0,-100.0,-100.0,-100.0,-100.0,-100.0,-100.0,-100.0,-100.0,-100.0,-100.0,-100.0,-100.0,-86.0,-85.0,-100.0,-100.0,-88.0,-88.0,-82.0,-82.0,-88.0,-90.0,-100.0,-100.0,-100.0,-100.0,-100.0,-100.0,-100.0,-100.0,-100.0,-100.0,-100.0,-100.0
66,Práticas didáticas,-100.0,-100.0,-100.0,-100.0,-100.0,-100.0,-100.0,-100.0,-100.0,-100.0,-100.0,-100.0,-100.0,-100.0,-100.0,-100.0,-100.0,-100.0,-100.0,-100.0,-100.0,-100.0,-100.0,-100.0,-77.0,-76.0,-100.0,-100.0,-100.0,-100.0,-83.0,-82.0,-80.0,-79.0,-100.0,-100.0,-100.0,-100.0,-100.0,-100.0,-100.0,-100.0,-100.0,-100.0,-83.0,-82.0
67,Práticas didáticas,-100.0,-100.0,-100.0,-100.0,-100.0,-100.0,-100.0,-100.0,-100.0,-100.0,-100.0,-100.0,-100.0,-100.0,-100.0,-100.0,-100.0,-100.0,-100.0,-100.0,-100.0,-100.0,-100.0,-100.0,-80.0,-80.0,-100.0,-100.0,-100.0,-100.0,-75.0,-75.0,-78.0,-78.0,-100.0,-100.0,-100.0,-100.0,-100.0,-100.0,-100.0,-100.0,-100.0,-100.0,-83.0,-83.0
68,Práticas didáticas,-100.0,-88.0,-100.0,-100.0,-100.0,-100.0,-100.0,-100.0,-100.0,-100.0,-100.0,-100.0,-100.0,-100.0,-100.0,-100.0,-100.0,-100.0,-100.0,-100.0,-100.0,-100.0,-100.0,-100.0,-77.0,-76.0,-100.0,-100.0,-100.0,-100.0,-74.0,-74.0,-78.0,-78.0,-100.0,-100.0,-100.0,-100.0,-100.0,-100.0,-100.0,-100.0,-100.0,-100.0,-82.0,-84.0
69,Práticas didáticas,-100.0,-100.0,-100.0,-100.0,-100.0,-100.0,-100.0,-100.0,-100.0,-100.0,-100.0,-100.0,-100.0,-100.0,-100.0,-100.0,-100.0,-100.0,-100.0,-100.0,-100.0,-100.0,-100.0,-100.0,-77.0,-77.0,-100.0,-100.0,-100.0,-100.0,-75.0,-75.0,-79.0,-79.0,-100.0,-100.0,-100.0,-100.0,-100.0,-100.0,-100.0,-100.0,-100.0,-100.0,-84.0,-83.0
70,Práticas didáticas,-100.0,-89.0,-100.0,-100.0,-100.0,-100.0,-100.0,-100.0,-100.0,-100.0,-100.0,-100.0,-100.0,-100.0,-100.0,-100.0,-100.0,-100.0,-100.0,-100.0,-100.0,-100.0,-100.0,-100.0,-78.0,-78.0,-100.0,-100.0,-100.0,-100.0,-75.0,-75.0,-84.0,-84.0,-100.0,-100.0,-100.0,-100.0,-100.0,-100.0,-100.0,-100.0,-100.0,-100.0,-80.0,-79.0
71,Sala dos professores,-100.0,-100.0,-100.0,-100.0,-100.0,-100.0,-100.0,-100.0,-100.0,-100.0,-100.0,-100.0,-100.0,-100.0,-100.0,-100.0,-89.0,-89.0,-100.0,-100.0,-100.0,-100.0,-100.0,-100.0,-100.0,-100.0,-100.0,-91.0,-89.0,-89.0,-100.0,-100.0,-91.0,-100.0,-100.0,-100.0,-63.0,-63.0,-100.0,-100.0,-100.0,-100.0,-100.0,-100.0,-87.0,-87.0
72,Sala dos professores,-100.0,-100.0,-100.0,-100.0,-100.0,-100.0,-100.0,-100.0,-100.0,-100.0,-100.0,-100.0,-100.0,-100.0,-100.0,-100.0,-88.0,-89.0,-100.0,-100.0,-100.0,-100.0,-100.0,-100.0,-100.0,-100.0,-100.0,-100.0,-89.0,-89.0,-100.0,-100.0,-100.0,-100.0,-100.0,-100.0,-62.0,-63.0,-100.0,-100.0,-100.0,-100.0,-100.0,-100.0,-100.0,-100.0
73,Sala dos professores,-100.0,-100.0,-100.0,-100.0,-100.0,-100.0,-100.0,-100.0,-100.0,-100.0,-100.0,-100.0,-100.0,-100.0,-100.0,-100.0,-87.0,-89.0,-100.0,-100.0,-100.0,-100.0,-100.0,-100.0,-100.0,-100.0,-100.0,-100.0,-91.0,-100.0,-100.0,-100.0,-100.0,-100.0,-100.0,-100.0,-64.0,-64.0,-100.0,-100.0,-100.0,-100.0,-100.0,-100.0,-100.0,-100.0
74,Sala dos professores,-100.0,-100.0,-100.0,-100.0,-100.0,-100.0,-100.0,-100.0,-100.0,-100.0,-100.0,-100.0,-100.0,-100.0,-100.0,-100.0,-88.0,-100.0,-100.0,-100.0,-100.0,-100.0,-100.0,-100.0,-100.0,-100.0,-90.0,-90.0,-100.0,-100.0,-100.0,-100.0,-100.0,-100.0,-100.0,-100.0,-64.0,-64.0,-100.0,-100.0,-100.0,-100.0,-100.0,-100.0,-88.0,-90.0
75,Sala dos professores,-100.0,-100.0,-100.0,-100.0,-100.0,-100.0,-100.0,-100.0,-100.0,-100.0,-100.0,-100.0,-100.0,-100.0,-100.0,-100.0,-100.0,-100.0,-100.0,-100.0,-100.0,-100.0,-100.0,-100.0,-100.0,-100.0,-90.0,-90.0,-100.0,-100.0,-100.0,-100.0,-100.0,-100.0,-100.0,-100.0,-64.0,-64.0,-100.0,-100.0,-100.0,-100.0,-100.0,-100.0,-89.0,-90.0
76,Lab. química 03,-100.0,-100.0,-83.0,-82.0,-88.0,-100.0,-87.0,-87.0,-100.0,-100.0,-100.0,-100.0,-79.0,-79.0,-100.0,-100.0,-100.0,-100.0,-86.0,-85.0,-100.0,-100.0,-82.0,-83.0,-100.0,-100.0,-100.0,-100.0,-100.0,-100.0,-100.0,-100.0,-100.0,-100.0,-100.0,-100.0,-100.0,-100.0,-81.0,-81.0,-100.0,-100.0,-100.0,-100.0,-100.0,-100.0
77,Lab. química 03,-100.0,-100.0,-84.0,-84.0,-83.0,-82.0,-86.0,-85.0,-100.0,-100.0,-100.0,-100.0,-77.0,-78.0,-100.0,-100.0,-100.0,-100.0,-88.0,-88.0,-100.0,-100.0,-88.0,-89.0,-100.0,-100.0,-100.0,-100.0,-100.0,-100.0,-100.0,-100.0,-100.0,-100.0,-100.0,-100.0,-100.0,-100.0,-80.0,-79.0,-100.0,-100.0,-100.0,-100.0,-100.0,-100.0
78,Lab. química 03,-100.0,-100.0,-84.0,-85.0,-100.0,-81.0,-86.0,-86.0,-100.0,-100.0,-100.0,-100.0,-77.0,-77.0,-100.0,-100.0,-100.0,-100.0,-87.0,-87.0,-100.0,-100.0,-87.0,-87.0,-100.0,-100.0,-100.0,-100.0,-100.0,-100.0,-100.0,-100.0,-100.0,-100.0,-100.0,-100.0,-100.0,-100.0,-79.0,-78.0,-100.0,-100.0,-100.0,-100.0,-100.0,-100.0
79,Lab. química 03,-100.0,-100.0,-83.0,-82.0,-87.0,-88.0,-87.0,-86.0,-100.0,-100.0,-100.0,-100.0,-79.0,-80.0,-100.0,-100.0,-100.0,-100.0,-100.0,-88.0,-100.0,-100.0,-100.0,-100.0,-100.0,-100.0,-100.0,-100.0,-100.0,-100.0,-100.0,-100.0,-100.0,-100.0,-100.0,-100.0,-100.0,-100.0,-77.0,-77.0,-100.0,-100.0,-100.0,-100.0,-100.0,-100.0
80,Lab. química 03,-100.0,-100.0,-82.0,-80.0,-100.0,-100.0,-86.0,-85.0,-100.0,-100.0,-100.0,-100.0,-77.0,-76.0,-100.0,-100.0,-100.0,-100.0,-100.0,-100.0,-100.0,-100.0,-85.0,-84.0,-100.0,-100.0,-100.0,-100.0,-100.0,-100.0,-100.0,-100.0,-100.0,-100.0,-100.0,-100.0,-100.0,-100.0,-77.0,-77.0,-100.0,-100.0,-100.0,-100.0,-100.0,-100.0
81,Lab. química 01,-100.0,-100.0,-82.0,-82.0,-83.0,-82.0,-82.0,-82.0,-100.0,-100.0,-100.0,-100.0,-63.0,-63.0,-100.0,-100.0,-100.0,-100.0,-100.0,-100.0,-100.0,-100.0,-89.0,-89.0,-100.0,-88.0,-100.0,-100.0,-100.0,-100.0,-100.0,-100.0,-100.0,-100.0,-100.0,-100.0,-100.0,-100.0,-100.0,-100.0,-100.0,-100.0,-100.0,-100.0,-100.0,-100.0
82,Lab. química 01,-100.0,-100.0,-80.0,-80.0,-86.0,-86.0,-75.0,-75.0,-100.0,-100.0,-100.0,-100.0,-60.0,-61.0,-100.0,-100.0,-100.0,-100.0,-100.0,-100.0,-100.0,-100.0,-100.0,-100.0,-89.0,-87.0,-100.0,-100.0,-100.0,-100.0,-100.0,-100.0,-100.0,-100.0,-100.0,-100.0,-100.0,-100.0,-100.0,-100.0,-100.0,-100.0,-100.0,-100.0,-100.0,-100.0
83,Lab. química 01,-100.0,-100.0,-82.0,-84.0,-85.0,-86.0,-75.0,-74.0,-100.0,-100.0,-100.0,-100.0,-60.0,-60.0,-100.0,-100.0,-100.0,-100.0,-100.0,-83.0,-100.0,-100.0,-88.0,-88.0,-100.0,-100.0,-100.0,-100.0,-100.0,-100.0,-100.0,-100.0,-100.0,-100.0,-100.0,-100.0,-100.0,-100.0,-100.0,-100.0,-100.0,-100.0,-100.0,-100.0,-100.0,-100.0
84,Lab. química 01,-100.0,-100.0,-81.0,-81.0,-100.0,-100.0,-72.0,-73.0,-100.0,-100.0,-100.0,-100.0,-59.0,-59.0,-100.0,-100.0,-100.0,-100.0,-100.0,-100.0,-100.0,-100.0,-87.0,-88.0,-88.0,-88.0,-100.0,-100.0,-100.0,-100.0,-100.0,-100.0,-100.0,-100.0,-100.0,-100.0,-100.0,-100.0,-100.0,-100.0,-100.0,-100.0,-100.0,-100.0,-100.0,-100.0
85,Lab. química 01,-100.0,-100.0,-81.0,-81.0,-100.0,-88.0,-75.0,-75.0,-100.0,-100.0,-100.0,-100.0,-60.0,-61.0,-100.0,-100.0,-100.0,-100.0,-100.0,-100.0,-100.0,-100.0,-89.0,-89.0,-86.0,-89.0,-100.0,-100.0,-100.0,-100.0,-100.0,-100.0,-100.0,-100.0,-100.0,-100.0,-100.0,-100.0,-100.0,-100.0,-100.0,-100.0,-100.0,-100.0,-100.0,-100.0
86,Lab. Analítico,-100.0,-100.0,-100.0,-100.0,-100.0,-100.0,-87.0,-87.0,-100.0,-100.0,-100.0,-100.0,-87.0,-87.0,-100.0,-100.0,-100.0,-100.0,-100.0,-100.0,-80.0,-79.0,-100.0,-100.0,-76.0,-76.0,-100.0,-100.0,-100.0,-100.0,-100.0,-100.0,-100.0,-100.0,-100.0,-100.0,-100.0,-100.0,-100.0,-100.0,-100.0,-100.0,-100.0,-100.0,-100.0,-100.0
87,Lab. Analítico,-100.0,-100.0,-100.0,-100.0,-100.0,-100.0,-86.0,-87.0,-100.0,-100.0,-100.0,-90.0,-80.0,-83.0,-100.0,-100.0,-100.0,-100.0,-100.0,-100.0,-77.0,-77.0,-100.0,-100.0,-77.0,-78.0,-100.0,-100.0,-100.0,-100.0,-100.0,-100.0,-100.0,-88.0,-100.0,-100.0,-100.0,-100.0,-100.0,-100.0,-100.0,-100.0,-100.0,-100.0,-100.0,-100.0
88,Lab. Analítico,-100.0,-100.0,-100.0,-100.0,-100.0,-100.0,-90.0,-88.0,-100.0,-100.0,-100.0,-100.0,-88.0,-89.0,-100.0,-100.0,-100.0,-100.0,-100.0,-100.0,-77.0,-77.0,-100.0,-100.0,-76.0,-76.0,-100.0,-100.0,-100.0,-100.0,-100.0,-100.0,-89.0,-100.0,-100.0,-100.0,-100.0,-100.0,-100.0,-100.0,-100.0,-100.0,-100.0,-100.0,-100.0,-100.0
89,Lab. Analítico,-100.0,-100.0,-100.0,-100.0,-100.0,-100.0,-100.0,-89.0,-100.0,-100.0,-88.0,-87.0,-84.0,-83.0,-100.0,-100.0,-100.0,-100.0,-100.0,-100.0,-77.0,-77.0,-100.0,-100.0,-76.0,-75.0,-100.0,-100.0,-100.0,-100.0,-100.0,-100.0,-100.0,-100.0,-100.0,-100.0,-100.0,-100.0,-100.0,-100.0,-100.0,-100.0,-100.0,-100.0,-100.0,-100.0
90,Lab. Analítico,-100.0,-100.0,-100.0,-100.0,-100.0,-100.0,-100.0,-100.0,-100.0,-100.0,-91.0,-100.0,-78.0,-78.0,-100.0,-100.0,-100.0,-100.0,-100.0,-100.0,-78.0,-78.0,-100.0,-100.0,-77.0,-77.0,-100.0,-100.0,-100.0,-100.0,-100.0,-100.0,-100.0,-100.0,-100.0,-100.0,-100.0,-100.0,-100.0,-100.0,-100.0,-100.0,-100.0,-100.0,-100.0,-100.0
91,Lab. Analítico,-100.0,-100.0,-100.0,-100.0,-100.0,-100.0,-100.0,-100.0,-100.0,-100.0,-89.0,-100.0,-81.0,-81.0,-100.0,-100.0,-100.0,-100.0,-100.0,-100.0,-79.0,-78.0,-100.0,-100.0,-77.0,-77.0,-100.0,-100.0,-100.0,-100.0,-100.0,-100.0,-86.0,-85.0,-100.0,-100.0,-100.0,-100.0,-100.0,-100.0,-100.0,-100.0,-100.0,-100.0,-100.0,-100.0
92,Lab. Analítico,-100.0,-100.0,-100.0,-100.0,-100.0,-100.0,-89.0,-100.0,-100.0,-100.0,-87.0,-86.0,-84.0,-85.0,-100.0,-100.0,-100.0,-100.0,-100.0,-100.0,-76.0,-76.0,-100.0,-100.0,-79.0,-79.0,-100.0,-100.0,-100.0,-100.0,-100.0,-100.0,-100.0,-84.0,-100.0,-100.0,-100.0,-100.0,-100.0,-100.0,-100.0,-100.0,-100.0,-100.0,-100.0,-100.0
93,Lab. Analítico,-100.0,-100.0,-100.0,-100.0,-100.0,-100.0,-87.0,-88.0,-100.0,-100.0,-89.0,-88.0,-84.0,-85.0,-100.0,-100.0,-100.0,-100.0,-100.0,-100.0,-81.0,-81.0,-100.0,-100.0,-78.0,-78.0,-100.0,-100.0,-100.0,-100.0,-100.0,-100.0,-87.0,-87.0,-90.0,-89.0,-100.0,-100.0,-100.0,-100.0,-100.0,-100.0,-100.0,-100.0,-100.0,-100.0
94,Lab. Analítico,-100.0,-100.0,-100.0,-100.0,-100.0,-100.0,-100.0,-100.0,-100.0,-100.0,-85.0,-82.0,-85.0,-87.0,-100.0,-100.0,-100.0,-100.0,-100.0,-100.0,-83.0,-83.0,-100.0,-100.0,-76.0,-77.0,-100.0,-100.0,-100.0,-100.0,-100.0,-100.0,-87.0,-89.0,-100.0,-100.0,-100.0,-100.0,-100.0,-100.0,-100.0,-100.0,-100.0,-100.0,-100.0,-100.0
95,Lab. Analítico,-100.0,-100.0,-100.0,-100.0,-100.0,-100.0,-100.0,-100.0,-100.0,-100.0,-100.0,-100.0,-87.0,-86.0,-100.0,-100.0,-100.0,-100.0,-100.0,-100.0,-78.0,-78.0,-100.0,-100.0,-76.0,-77.0,-100.0,-100.0,-100.0,-100.0,-100.0,-100.0,-100.0,-100.0,-100.0,-100.0,-100.0,-100.0,-100.0,-100.0,-100.0,-100.0,-100.0,-100.0,-100.0,-100.0
96,Lab. química 01,-100.0,-100.0,-75.0,-76.0,-85.0,-100.0,-81.0,-82.0,-100.0,-100.0,-100.0,-100.0,-67.0,-68.0,-100.0,-100.0,-100.0,-100.0,-100.0,-100.0,-100.0,-100.0,-86.0,-88.0,-100.0,-100.0,-100.0,-100.0,-100.0,-100.0,-100.0,-100.0,-100.0,-100.0,-100.0,-100.0,-100.0,-100.0,-100.0,-100.0,-100.0,-100.0,-100.0,-100.0,-100.0,-100.0
97,Lab. química 01,-100.0,-100.0,-78.0,-78.0,-85.0,-84.0,-87.0,-86.0,-100.0,-100.0,-100.0,-100.0,-69.0,-71.0,-100.0,-100.0,-100.0,-100.0,-100.0,-100.0,-100.0,-100.0,-86.0,-86.0,-100.0,-100.0,-100.0,-100.0,-100.0,-100.0,-100.0,-100.0,-100.0,-100.0,-100.0,-100.0,-100.0,-100.0,-100.0,-100.0,-100.0,-100.0,-100.0,-100.0,-100.0,-100.0
98,Lab. química 01,-100.0,-100.0,-81.0,-80.0,-84.0,-83.0,-85.0,-86.0,-100.0,-100.0,-100.0,-100.0,-72.0,-72.0,-100.0,-100.0,-100.0,-100.0,-84.0,-85.0,-100.0,-100.0,-87.0,-87.0,-100.0,-100.0,-100.0,-100.0,-100.0,-100.0,-100.0,-100.0,-100.0,-100.0,-100.0,-100.0,-100.0,-100.0,-100.0,-100.0,-100.0,-100.0,-100.0,-100.0,-100.0,-100.0
99,Lab. química 01,-100.0,-100.0,-80.0,-79.0,-87.0,-100.0,-84.0,-84.0,-100.0,-100.0,-100.0,-100.0,-67.0,-67.0,-100.0,-100.0,-100.0,-100.0,-100.0,-100.0,-100.0,-100.0,-87.0,-88.0,-89.0,-88.0,-100.0,-100.0,-100.0,-100.0,-100.0,-100.0,-100.0,-100.0,-100.0,-100.0,-100.0,-100.0,-87.0,-87.0,-100.0,-100.0,-100.0,-100.0,-100.0,-100.0
100,Lab. química 01,-100.0,-100.0,-75.0,-76.0,-87.0,-86.0,-83.0,-83.0,-100.0,-100.0,-100.0,-100.0,-70.0,-69.0,-100.0,-100.0,-100.0,-100.0,-100.0,-84.0,-100.0,-100.0,-86.0,-86.0,-100.0,-89.0,-100.0,-100.0,-100.0,-100.0,-100.0,-100.0,-100.0,-100.0,-100.0,-100.0,-100.0,-100.0,-100.0,-89.0,-100.0,-100.0,-100.0,-100.0,-100.0,-100.0
101,Lab. de Ciências,-100.0,-100.0,-69.0,-69.0,-100.0,-100.0,-87.0,-86.0,-100.0,-100.0,-100.0,-100.0,-84.0,-84.0,-100.0,-100.0,-100.0,-100.0,-100.0,-100.0,-100.0,-100.0,-100.0,-100.0,-77.0,-77.0,-100.0,-100.0,-100.0,-100.0,-100.0,-100.0,-100.0,-100.0,-100.0,-100.0,-100.0,-100.0,-100.0,-100.0,-100.0,-100.0,-100.0,-100.0,-100.0,-100.0
102,Lab. de Ciências,-100.0,-100.0,-71.0,-71.0,-100.0,-100.0,-89.0,-91.0,-100.0,-100.0,-100.0,-100.0,-79.0,-79.0,-100.0,-100.0,-100.0,-100.0,-100.0,-100.0,-100.0,-100.0,-90.0,-91.0,-78.0,-78.0,-100.0,-100.0,-100.0,-100.0,-100.0,-100.0,-100.0,-100.0,-100.0,-100.0,-100.0,-100.0,-100.0,-100.0,-100.0,-100.0,-100.0,-100.0,-100.0,-100.0
103,Lab. de Ciências,-100.0,-100.0,-69.0,-69.0,-100.0,-100.0,-89.0,-90.0,-100.0,-100.0,-100.0,-100.0,-84.0,-83.0,-100.0,-100.0,-100.0,-100.0,-100.0,-100.0,-100.0,-100.0,-90.0,-90.0,-78.0,-78.0,-100.0,-100.0,-100.0,-100.0,-100.0,-100.0,-100.0,-100.0,-100.0,-100.0,-100.0,-100.0,-100.0,-100.0,-100.0,-100.0,-100.0,-100.0,-100.0,-100.0
104,Lab. de Ciências,-100.0,-100.0,-74.0,-73.0,-100.0,-100.0,-84.0,-86.0,-100.0,-100.0,-100.0,-100.0,-81.0,-81.0,-100.0,-100.0,-100.0,-100.0,-100.0,-100.0,-100.0,-100.0,-88.0,-89.0,-77.0,-78.0,-100.0,-100.0,-100.0,-100.0,-100.0,-100.0,-100.0,-100.0,-100.0,-100.0,-100.0,-100.0,-100.0,-100.0,-100.0,-100.0,-100.0,-100.0,-100.0,-100.0
105,Lab. de Ciências,-100.0,-100.0,-71.0,-72.0,-100.0,-100.0,-83.0,-84.0,-100.0,-100.0,-100.0,-100.0,-80.0,-80.0,-100.0,-100.0,-100.0,-100.0,-100.0,-100.0,-100.0,-100.0,-85.0,-85.0,-75.0,-75.0,-100.0,-100.0,-100.0,-100.0,-100.0,-100.0,-100.0,-100.0,-100.0,-100.0,-100.0,-100.0,-100.0,-100.0,-100.0,-100.0,-100.0,-100.0,-100.0,-100.0
106,Lab. de Ciências,-100.0,-100.0,-71.0,-71.0,-100.0,-100.0,-85.0,-85.0,-100.0,-100.0,-100.0,-100.0,-77.0,-78.0,-100.0,-100.0,-100.0,-100.0,-100.0,-100.0,-100.0,-100.0,-85.0,-81.0,-81.0,-81.0,-100.0,-100.0,-100.0,-100.0,-100.0,-100.0,-100.0,-100.0,-100.0,-100.0,-100.0,-100.0,-100.0,-100.0,-100.0,-100.0,-100.0,-100.0,-100.0,-100.0
107,Lab. de Ciências,-100.0,-100.0,-73.0,-73.0,-100.0,-100.0,-84.0,-83.0,-100.0,-100.0,-100.0,-100.0,-76.0,-76.0,-100.0,-100.0,-100.0,-100.0,-100.0,-100.0,-100.0,-100.0,-85.0,-86.0,-77.0,-77.0,-100.0,-100.0,-100.0,-100.0,-100.0,-100.0,-100.0,-100.0,-100.0,-100.0,-100.0,-100.0,-100.0,-100.0,-100.0,-100.0,-100.0,-100.0,-100.0,-100.0
108,Lab. de Ciências,-100.0,-100.0,-71.0,-70.0,-100.0,-100.0,-83.0,-84.0,-100.0,-100.0,-100.0,-100.0,-73.0,-73.0,-100.0,-100.0,-100.0,-100.0,-100.0,-100.0,-100.0,-100.0,-89.0,-88.0,-79.0,-78.0,-100.0,-100.0,-100.0,-100.0,-100.0,-100.0,-100.0,-100.0,-100.0,-100.0,-100.0,-100.0,-100.0,-100.0,-100.0,-100.0,-100.0,-100.0,-100.0,-100.0
109,Lab. de Ciências,-100.0,-100.0,-74.0,-75.0,-100.0,-100.0,-85.0,-85.0,-100.0,-100.0,-100.0,-100.0,-73.0,-73.0,-100.0,-100.0,-100.0,-100.0,-100.0,-100.0,-100.0,-100.0,-87.0,-89.0,-78.0,-78.0,-100.0,-100.0,-100.0,-100.0,-100.0,-100.0,-100.0,-100.0,-100.0,-100.0,-100.0,-100.0,-100.0,-100.0,-100.0,-100.0,-100.0,-100.0,-88.0,-89.0
110,Lab. de Ciências,-100.0,-100.0,-72.0,-72.0,-100.0,-100.0,-84.0,-84.0,-100.0,-100.0,-100.0,-100.0,-74.0,-74.0,-100.0,-100.0,-100.0,-100.0,-100.0,-100.0,-100.0,-100.0,-100.0,-91.0,-84.0,-83.0,-100.0,-100.0,-100.0,-100.0,-100.0,-100.0,-100.0,-100.0,-100.0,-100.0,-100.0,-100.0,-100.0,-100.0,-100.0,-100.0,-100.0,-100.0,-100.0,-100.0
111,Núcleo de Pesquisa e Atendimento,-100.0,-100.0,-87.0,-87.0,-100.0,-100.0,-100.0,-100.0,-100.0,-100.0,-100.0,-100.0,-100.0,-100.0,-100.0,-100.0,-100.0,-100.0,-100.0,-100.0,-86.0,-85.0,-88.0,-89.0,-69.0,-69.0,-100.0,-100.0,-100.0,-100.0,-100.0,-100.0,-100.0,-100.0,-88.0,-88.0,-100.0,-100.0,-100.0,-100.0,-100.0,-100.0,-100.0,-100.0,-100.0,-100.0
112,Núcleo de Pesquisa e Atendimento,-100.0,-100.0,-86.0,-85.0,-100.0,-100.0,-100.0,-100.0,-100.0,-100.0,-100.0,-100.0,-100.0,-100.0,-100.0,-100.0,-100.0,-100.0,-100.0,-100.0,-100.0,-100.0,-88.0,-87.0,-65.0,-65.0,-100.0,-100.0,-100.0,-100.0,-100.0,-100.0,-100.0,-100.0,-85.0,-85.0,-100.0,-100.0,-100.0,-100.0,-100.0,-100.0,-100.0,-100.0,-100.0,-100.0
113,Núcleo de Pesquisa e Atendimento,-100.0,-100.0,-85.0,-85.0,-100.0,-100.0,-100.0,-100.0,-100.0,-100.0,-100.0,-100.0,-100.0,-100.0,-100.0,-100.0,-100.0,-100.0,-100.0,-100.0,-85.0,-84.0,-100.0,-100.0,-67.0,-67.0,-100.0,-100.0,-100.0,-100.0,-100.0,-100.0,-100.0,-100.0,-87.0,-86.0,-100.0,-100.0,-100.0,-100.0,-100.0,-100.0,-100.0,-100.0,-100.0,-100.0
114,Núcleo de Pesquisa e Atendimento,-100.0,-100.0,-84.0,-84.0,-100.0,-100.0,-100.0,-100.0,-100.0,-100.0,-100.0,-100.0,-100.0,-100.0,-100.0,-100.0,-100.0,-100.0,-100.0,-100.0,-100.0,-86.0,-89.0,-88.0,-67.0,-67.0,-100.0,-100.0,-100.0,-100.0,-100.0,-100.0,-100.0,-100.0,-87.0,-87.0,-100.0,-100.0,-100.0,-100.0,-100.0,-100.0,-100.0,-100.0,-100.0,-100.0
115,Núcleo de Pesquisa e Atendimento,-100.0,-100.0,-90.0,-89.0,-100.0,-100.0,-100.0,-100.0,-100.0,-100.0,-88.0,-89.0,-100.0,-100.0,-100.0,-100.0,-100.0,-100.0,-100.0,-100.0,-83.0,-84.0,-100.0,-100.0,-63.0,-64.0,-100.0,-100.0,-100.0,-100.0,-100.0,-100.0,-100.0,-100.0,-100.0,-100.0,-100.0,-100.0,-100.0,-100.0,-100.0,-100.0,-100.0,-100.0,-100.0,-100.0
116,Núcleo de Pesquisa e Atendimento,-100.0,-100.0,-88.0,-90.0,-100.0,-100.0,-100.0,-100.0,-100.0,-100.0,-91.0,-100.0,-100.0,-100.0,-100.0,-100.0,-100.0,-100.0,-100.0,-100.0,-90.0,-88.0,-100.0,-100.0,-77.0,-77.0,-100.0,-100.0,-100.0,-100.0,-89.0,-100.0,-100.0,-100.0,-79.0,-80.0,-100.0,-100.0,-100.0,-100.0,-100.0,-100.0,-100.0,-100.0,-100.0,-100.0
117,Núcleo de Pesquisa e Atendimento,-100.0,-100.0,-100.0,-100.0,-100.0,-100.0,-100.0,-100.0,-100.0,-100.0,-100.0,-100.0,-100.0,-100.0,-100.0,-100.0,-100.0,-100.0,-100.0,-100.0,-85.0,-85.0,-87.0,-86.0,-74.0,-75.0,-100.0,-100.0,-100.0,-100.0,-89.0,-88.0,-100.0,-100.0,-80.0,-80.0,-100.0,-100.0,-100.0,-100.0,-100.0,-100.0,-100.0,-100.0,-100.0,-100.0
118,Núcleo de Pesquisa e Atendimento,-100.0,-100.0,-100.0,-100.0,-100.0,-100.0,-100.0,-100.0,-100.0,-100.0,-100.0,-100.0,-100.0,-100.0,-100.0,-100.0,-100.0,-100.0,-100.0,-100.0,-86.0,-88.0,-89.0,-88.0,-78.0,-76.0,-100.0,-100.0,-100.0,-100.0,-88.0,-87.0,-100.0,-100.0,-80.0,-79.0,-100.0,-100.0,-100.0,-100.0,-100.0,-100.0,-100.0,-100.0,-100.0,-100.0
119,Núcleo de Pesquisa e Atendimento,-100.0,-100.0,-100.0,-100.0,-100.0,-100.0,-100.0,-100.0,-100.0,-100.0,-100.0,-100.0,-100.0,-100.0,-100.0,-100.0,-100.0,-100.0,-100.0,-100.0,-88.0,-87.0,-88.0,-89.0,-75.0,-75.0,-100.0,-100.0,-100.0,-100.0,-87.0,-88.0,-100.0,-100.0,-80.0,-80.0,-100.0,-100.0,-100.0,-100.0,-100.0,-100.0,-100.0,-100.0,-100.0,-100.0
120,Núcleo de Pesquisa e Atendimento,-100.0,-100.0,-100.0,-100.0,-100.0,-100.0,-100.0,-100.0,-100.0,-100.0,-100.0,-100.0,-100.0,-100.0,-100.0,-100.0,-100.0,-100.0,-100.0,-100.0,-100.0,-100.0,-86.0,-86.0,-75.0,-75.0,-100.0,-100.0,-100.0,-100.0,-89.0,-89.0,-100.0,-100.0,-81.0,-80.0,-100.0,-100.0,-100.0,-100.0,-100.0,-100.0,-100.0,-100.0,-100.0,-100.0
